# accession	molecular_function	ec_number
A0A142BWN1	NAD+-diphthamide ADP-ribosyltransferase activity	
A0A142BWN2	NAD+-diphthamide ADP-ribosyltransferase activity	
A0A172PZA6	NAD+-diphthamide ADP-ribosyltransferase activity	
A0A172PZD5	NAD+-diphthamide ADP-ribosyltransferase activity	
A0A172PZE5	NAD+-diphthamide ADP-ribosyltransferase activity	
A0A1M4ZWA4		
A0A3B0B7P5	NAD+-diphthamide ADP-ribosyltransferase activity	
A0A4U0NVY7	NAD+-diphthamide ADP-ribosyltransferase activity	
A0A7Y4UPV1	NAD+-diphthamide ADP-ribosyltransferase activity	
A0A853APG3		
A0A9X2RR79	NAD+-diphthamide ADP-ribosyltransferase activity	
A0A9X7JSF9	NAD+-diphthamide ADP-ribosyltransferase activity	
A0AAU2GUG7		
A0AAU2HCT4	NAD+-diphthamide ADP-ribosyltransferase activity	
A0ABN4GR64		
A0ABT4V301		
A0ABU1J7C0		
A0ABV3IR98		
A0ABW0Z0L3		
A0ABW6U5X7		
A0ABW7UWJ4		
A7UH54	NAD+-diphthamide ADP-ribosyltransferase activity	
B0I1U1	NAD+-diphthamide ADP-ribosyltransferase activity	
C5IC92	NAD+-diphthamide ADP-ribosyltransferase activity	
F1ALY2	NAD+-diphthamide ADP-ribosyltransferase activity	
F1ALY3	NAD+-diphthamide ADP-ribosyltransferase activity	
F1ALY4	NAD+-diphthamide ADP-ribosyltransferase activity	
F1ALY5	NAD+-diphthamide ADP-ribosyltransferase activity	
F1T1U0	NAD+-diphthamide ADP-ribosyltransferase activity	
G5EKG4	NAD+-diphthamide ADP-ribosyltransferase activity	
I3PB63	NAD+-diphthamide ADP-ribosyltransferase activity	
P00587	NAD+-diphthamide ADP-ribosyltransferase activity	
P00588	identical protein binding	
P00589	NAD+-diphthamide ADP-ribosyltransferase activity	
Q5IL09	NAD+-diphthamide ADP-ribosyltransferase activity	
Q5PY51	NAD+-diphthamide ADP-ribosyltransferase activity	
Q6KE85	NAD+-diphthamide ADP-ribosyltransferase activity	
Q6NK15	identical protein binding	
Q6YIX8	NAD+-diphthamide ADP-ribosyltransferase activity	
Q6YIX9	NAD+-diphthamide ADP-ribosyltransferase activity	
Q9MBL8	NAD+-diphthamide ADP-ribosyltransferase activity	EC 2.4.2.36
T1TEV1	NAD+-diphthamide ADP-ribosyltransferase activity	
A0A0H2Z8B0	NAD+-diphthamide ADP-ribosyltransferase activity	
A0A0N9R2F1	NAD+-diphthamide ADP-ribosyltransferase activity	
A0A0N9R4I8	NAD+-diphthamide ADP-ribosyltransferase activity	
A0A0N9R7R1	NAD+-diphthamide ADP-ribosyltransferase activity	
A0A0N9X392	NAD+-diphthamide ADP-ribosyltransferase activity	
A0A0N9XFS5	NAD+-diphthamide ADP-ribosyltransferase activity	
A0A0P0CI59	NAD+-diphthamide ADP-ribosyltransferase activity	
A0A0P0CS82	NAD+-diphthamide ADP-ribosyltransferase activity	
A0A172PZP4	NAD+-diphthamide ADP-ribosyltransferase activity	
A0A1W0CH45	NAD+-diphthamide ADP-ribosyltransferase activity	
A0A241XTX3	NAD+-diphthamide ADP-ribosyltransferase activity	
A0A2K9REK4	NAD+-diphthamide ADP-ribosyltransferase activity	
A0A2K9REK5	NAD+-diphthamide ADP-ribosyltransferase activity	
A0A2K9REL6	NAD+-diphthamide ADP-ribosyltransferase activity	
A0A2K9REL9	NAD+-diphthamide ADP-ribosyltransferase activity	
A0A367LV87	NAD+-diphthamide ADP-ribosyltransferase activity	
A0A397JRI1	NAD+-diphthamide ADP-ribosyltransferase activity	
A0A411F6U3	diphthine-ammonia ligase activity	
A0A448BPG3	NAD+-diphthamide ADP-ribosyltransferase activity	
A0A509JAV1	NAD+-diphthamide ADP-ribosyltransferase activity	
A0A5E4RM50	MAP kinase tyrosine phosphatase activity	
A0A5E5QXU0	NAD+-diphthamide ADP-ribosyltransferase activity	
A0A643EIM8	NAD+-diphthamide ADP-ribosyltransferase activity	
A0A643IS83	NAD+-diphthamide ADP-ribosyltransferase activity	
A0A6A9K167	NAD+-diphthamide ADP-ribosyltransferase activity	
A0A6B1Y5I8	NAD+-diphthamide ADP-ribosyltransferase activity	
A0A6B3LLY2	NAD+-diphthamide ADP-ribosyltransferase activity	
A0A7M2ZS40	NAD+-diphthamide ADP-ribosyltransferase activity	
A0A814AHR0	NAD+-diphthamide ADP-ribosyltransferase activity	
A0A814B0K0	NAD+-diphthamide ADP-ribosyltransferase activity	
A0A814BYV9	NAD+-diphthamide ADP-ribosyltransferase activity	
A0A814C6L3	NAD+-diphthamide ADP-ribosyltransferase activity	
A0A814DP30	NAD+-diphthamide ADP-ribosyltransferase activity	
A0A814DVM6	NAD+-diphthamide ADP-ribosyltransferase activity	
A0A814JA94	ATP binding	
A0A814PDR3	NAD+-diphthamide ADP-ribosyltransferase activity	
A0A814VY93	NAD+-diphthamide ADP-ribosyltransferase activity	
A0A814Y8H9	NAD+-diphthamide ADP-ribosyltransferase activity	
A0A819CR94	NAD+-diphthamide ADP-ribosyltransferase activity	
A0A819YAD7	NAD+-diphthamide ADP-ribosyltransferase activity	
A0A820AQG3	NAD+-diphthamide ADP-ribosyltransferase activity	
A0A840MNT6	NAD+-diphthamide ADP-ribosyltransferase activity	
A0A840MSR9	NAD+-diphthamide ADP-ribosyltransferase activity	
A0A8B1P345	NAD+-diphthamide ADP-ribosyltransferase activity	
A0A8S2K8T0	NAD+-diphthamide ADP-ribosyltransferase activity	
A0A934MX93	NAD+-diphthamide ADP-ribosyltransferase activity	
A0A9N9G049	NAD+-diphthamide ADP-ribosyltransferase activity	
A0A9P1W104	NAD+-diphthamide ADP-ribosyltransferase activity	
A0AAD0RQS9	NAD+-diphthamide ADP-ribosyltransferase activity	
A0AAD3YM78	NAD+-diphthamide ADP-ribosyltransferase activity	
A0AAQ3LHF0	NAD+-diphthamide ADP-ribosyltransferase activity	
A0AAU6U1D2	NAD+-diphthamide ADP-ribosyltransferase activity	
A0AAX1PIK2	NAD+-diphthamide ADP-ribosyltransferase activity	
A0ABD7G6Y1		
A0ABD7SMF2		
A0ABF7PGH4		
A0ABR6RKY0		
A0ABS3GSV4		
A0ABS5GWC0		
A0ABT7PU50		
A0ABT7Q7B4		
A0ABW2R095		
A0ABX4GN43		
A0ACD6B8U3		
A0ACD6BA02		
A0ACD6BA49		
A7UNA6	NAD+-diphthamide ADP-ribosyltransferase activity	
B0KQV0	NAD+-diphthamide ADP-ribosyltransferase activity	
E9JRT6	NAD+-diphthamide ADP-ribosyltransferase activity	
E9JRT7	NAD+-diphthamide ADP-ribosyltransferase activity	
E9JRU9	NAD+-diphthamide ADP-ribosyltransferase activity	
E9JRV3	NAD+-diphthamide ADP-ribosyltransferase activity	
E9JRV6	NAD+-diphthamide ADP-ribosyltransferase activity	
E9JRV7	NAD+-diphthamide ADP-ribosyltransferase activity	
E9JRV8	NAD+-diphthamide ADP-ribosyltransferase activity	
E9JRW2	NAD+-diphthamide ADP-ribosyltransferase activity	
E9JRW5	NAD+-diphthamide ADP-ribosyltransferase activity	
E9JRW6	NAD+-diphthamide ADP-ribosyltransferase activity	
E9JRW7	NAD+-diphthamide ADP-ribosyltransferase activity	
E9JRW8	NAD+-diphthamide ADP-ribosyltransferase activity	
E9JRX0	NAD+-diphthamide ADP-ribosyltransferase activity	
E9JRX3	NAD+-diphthamide ADP-ribosyltransferase activity	
E9JRX6	NAD+-diphthamide ADP-ribosyltransferase activity	
E9JRX8	NAD+-diphthamide ADP-ribosyltransferase activity	
E9JRX9	NAD+-diphthamide ADP-ribosyltransferase activity	
E9JRY0	NAD+-diphthamide ADP-ribosyltransferase activity	
E9JRY3	NAD+-diphthamide ADP-ribosyltransferase activity	
E9JRY4	NAD+-diphthamide ADP-ribosyltransferase activity	
E9JRY5	NAD+-diphthamide ADP-ribosyltransferase activity	
E9JRY8	NAD+-diphthamide ADP-ribosyltransferase activity	
E9JRZ2	NAD+-diphthamide ADP-ribosyltransferase activity	
E9JRZ3	NAD+-diphthamide ADP-ribosyltransferase activity	
E9JRZ4	NAD+-diphthamide ADP-ribosyltransferase activity	
E9JRZ5	NAD+-diphthamide ADP-ribosyltransferase activity	
E9JRZ6	NAD+-diphthamide ADP-ribosyltransferase activity	
E9JRZ7	NAD+-diphthamide ADP-ribosyltransferase activity	
E9JRZ9	NAD+-diphthamide ADP-ribosyltransferase activity	
E9JS00	NAD+-diphthamide ADP-ribosyltransferase activity	
E9JS01	NAD+-diphthamide ADP-ribosyltransferase activity	
E9JS02	NAD+-diphthamide ADP-ribosyltransferase activity	
E9JS03	NAD+-diphthamide ADP-ribosyltransferase activity	
E9JS11	NAD+-diphthamide ADP-ribosyltransferase activity	
E9JS12	NAD+-diphthamide ADP-ribosyltransferase activity	
E9JS13	NAD+-diphthamide ADP-ribosyltransferase activity	
E9JS14	NAD+-diphthamide ADP-ribosyltransferase activity	
I6R0W5	NAD+-diphthamide ADP-ribosyltransferase activity	
K1JNX2	NAD+-diphthamide ADP-ribosyltransferase activity	
L0N115	NAD+-diphthamide ADP-ribosyltransferase activity	
L0N126	NAD+-diphthamide ADP-ribosyltransferase activity	
L0N131	NAD+-diphthamide ADP-ribosyltransferase activity	
L0N158	NAD+-diphthamide ADP-ribosyltransferase activity	
L0N1Z9	NAD+-diphthamide ADP-ribosyltransferase activity	
L0N203	NAD+-diphthamide ADP-ribosyltransferase activity	
L0N220	NAD+-diphthamide ADP-ribosyltransferase activity	
L0N234	NAD+-diphthamide ADP-ribosyltransferase activity	
L0N363	NAD+-diphthamide ADP-ribosyltransferase activity	
L0N368	NAD+-diphthamide ADP-ribosyltransferase activity	
L0N391	NAD+-diphthamide ADP-ribosyltransferase activity	
L0N3Y8	NAD+-diphthamide ADP-ribosyltransferase activity	
L0N3Z4	NAD+-diphthamide ADP-ribosyltransferase activity	
L0N400	NAD+-diphthamide ADP-ribosyltransferase activity	
L0N404	NAD+-diphthamide ADP-ribosyltransferase activity	
L0N409	NAD+-diphthamide ADP-ribosyltransferase activity	
L0N414	NAD+-diphthamide ADP-ribosyltransferase activity	
L0N419	NAD+-diphthamide ADP-ribosyltransferase activity	
L0N423	NAD+-diphthamide ADP-ribosyltransferase activity	
L0N4D4	NAD+-diphthamide ADP-ribosyltransferase activity	
L0N4F2	NAD+-diphthamide ADP-ribosyltransferase activity	
L0N4F7	NAD+-diphthamide ADP-ribosyltransferase activity	
L0N4H3	NAD+-diphthamide ADP-ribosyltransferase activity	
P11439	NAD+-diphthamide ADP-ribosyltransferase activity	EC 2.4.2.36
Q5EK40	NAD+-diphthamide ADP-ribosyltransferase activity	EC 2.4.2.36
Q9KIR4	NAD+-diphthamide ADP-ribosyltransferase activity	
Q9KIR5	NAD+-diphthamide ADP-ribosyltransferase activity	
Q9KIR6	NAD+-diphthamide ADP-ribosyltransferase activity	
Q9KIR7	NAD+-diphthamide ADP-ribosyltransferase activity	
Q9KIR8	NAD+-diphthamide ADP-ribosyltransferase activity	
S9NZM2	NAD+-diphthamide ADP-ribosyltransferase activity	
S9P266	NAD+-diphthamide ADP-ribosyltransferase activity	
U3TIW2	NAD+-diphthamide ADP-ribosyltransferase activity	
A0A060X1A3	heparin binding	
A0A060X6R9	heparin binding	
A0A060X8F8	heparin binding	
A0A087R907	heparin binding	
A0A087X979	heparin binding	
A0A087Y7G9	heparin binding	
A0A091CQV1	heparin binding	
A0A091F6W6	heparin binding	
A0A091JAS5	heparin binding	
A0A091K624	heparin binding	
A0A091MN08	heparin binding	
A0A091U984	heparin binding	
A0A091VUT2	heparin binding	
A0A091X8I4	heparin binding	
A0A093C3M7	heparin binding	
A0A093FH69	heparin binding	
A0A093HC71	heparin binding	
A0A093IGM7	heparin binding	
A0A093IP42	heparin binding	
A0A093NYD7	heparin binding	
A0A093PYG6	heparin binding	
A0A093QZQ8	heparin binding	
A0A096LSA4	heparin binding	
A0A096LZT2	heparin binding	
A0A099ZAQ6	heparin binding	
A0A0A0MRG2	heparin binding	
A0A0B8RRR3	heparin binding	
A0A0D9R9L3	heparin binding	
A0A0F7Z343	heparin binding	
A0A0F8AR66	heparin binding	
A0A0H2UHW9	heparin binding	
A0A0N8JW21	heparin binding	
A0A0P6JDI2	heparin binding	
A0A0P7TAE2	proton transmembrane transporter activity	
A0A0Q3PD44	heparin binding	
A0A140VJC8	growth factor receptor binding	
A0A151MDX8	heparin binding	
A0A151MDY4	heparin binding	
A0A1A6HNY1	signaling receptor activator activity	
A0A1A7WI30	heparin binding	
A0A1A7XAP4	heparin binding	
A0A1A7Y671	heparin binding	
A0A1A7ZMI0	heparin binding	
A0A1A8C6G2	heparin binding	
A0A1A8CZX8	heparin binding	
A0A1A8E0H2	heparin binding	
A0A1A8HDU3	heparin binding	
A0A1A8J518	heparin binding	
A0A1A8KID2	heparin binding	
A0A1A8LJJ4	heparin binding	
A0A1A8MMI2	heparin binding	
A0A1A8P1B1	heparin binding	
A0A1A8P205	heparin binding	
A0A1A8QLM0	heparin binding	
A0A1A8R283	heparin binding	
A0A1A8RE21	heparin binding	
A0A1A8V738	heparin binding	
A0A1D5R7X6	heparin binding	
A0A1S2ZIE8	heparin binding	
A0A1S2ZIF1	heparin binding	
A0A1S3GCB8	heparin binding	
A0A1S3GCC3	heparin binding	
A0A1S3GCE2	heparin binding	
A0A1S3GCQ5	heparin binding	
A0A1S3GE02	heparin binding	
A0A1S3MR20	heparin binding	
A0A1S3MU90	heparin binding	
A0A1S3MUE9	heparin binding	
A0A1S3MUL4	heparin binding	
A0A1S3MVL6	heparin binding	
A0A1S3NYP2	heparin binding	
A0A1S3NYP3	heparin binding	
A0A1S3PPU4	heparin binding	
A0A1S3PQ04	heparin binding	
A0A1S3W6U9	heparin binding	
A0A1S3W762	heparin binding	
A0A1S3W7B5	heparin binding	
A0A1S3W8A7	heparin binding	
A0A1U7S667	heparin binding	
A0A1U7SD12	heparin binding	
A0A1U7SPE0	heparin binding	
A0A1U7SRY3	heparin binding	
A0A1U7SVE5	heparin binding	
A0A1U7T2N7	heparin binding	
A0A1U7T5C8	heparin binding	
A0A1V4J2M9	heparin binding	
A0A1W7RJE0	heparin binding	
A0A218KGR2	heparin binding	
A0A218V9L1	heparin binding	
A0A250Y525	heparin binding	
A0A286Y237	heparin binding	
A0A286ZTE6	heparin binding	
A0A287B2N2	heparin binding	
A0A288CFW6	heparin binding	
A0A2D0Q3J8	heparin binding	
A0A2D0R3X0	heparin binding	
A0A2D0R3X8	heparin binding	
A0A2D4L4V1	heparin binding	
A0A2D4LZK9	signaling receptor activator activity	
A0A2D4M081	heparin binding	
A0A2D4P7E0	heparin binding	
A0A2D4P7G7	heparin binding	
A0A2G9P5G4	signaling receptor activator activity	
A0A2H4PPH0	heparin binding	
A0A2H4PPL4	heparin binding	
A0A2H4PPM1	heparin binding	
A0A2H4PPM2	heparin binding	
A0A2H6NGU3	signaling receptor activator activity	
A0A2I0MSJ1	heparin binding	
A0A2I0TZG2	heparin binding	
A0A2I2Y2N3	heparin binding	
A0A2I2YBB2	heparin binding	
A0A2I2YEQ3	heparin binding	
A0A2I2YKW8	heparin binding	
A0A2I2ZH27	heparin binding	
A0A2I2ZPE5	heparin binding	
A0A2I2ZS14	heparin binding	
A0A2I2ZWM9	heparin binding	
A0A2I3BPT1	heparin binding	
A0A2I3BQZ9	growth factor receptor binding	
A0A2I3FVX7	heparin binding	
A0A2I3G2S2	heparin binding	
A0A2I3G872	heparin binding	
A0A2I3GV49	heparin binding	
A0A2I3LFQ6	heparin binding	
A0A2I3LKW1	heparin binding	
A0A2I3LY34	heparin binding	
A0A2I3MNJ9	heparin binding	
A0A2I3MTM7	heparin binding	
A0A2I3MY59	heparin binding	
A0A2I3REJ9	heparin binding	
A0A2I3RTA7	heparin binding	
A0A2I3S056	heparin binding	
A0A2I3SHN1	heparin binding	
A0A2I3SP96	heparin binding	
A0A2I3SRK7	heparin binding	
A0A2I3TLL9	heparin binding	
A0A2I3TSR6	heparin binding	
A0A2I3TXS0	heparin binding	
A0A2I4C1X3	heparin binding	
A0A2I4C1Y9	heparin binding	
A0A2I4C211	heparin binding	
A0A2I4CXM8	heparin binding	
A0A2I4CXN7	heparin binding	
A0A2J8MQ65	heparin binding	
A0A2J8MQ66	heparin binding	
A0A2J8MQ67	heparin binding	
A0A2J8MQ72	heparin binding	
A0A2J8UKI9	heparin binding	
A0A2J8UKJ0	heparin binding	
A0A2J8UKJ3	heparin binding	
A0A2J8UKJ4	heparin binding	
A0A2J8UKJ8	heparin binding	
A0A2J8UKK4	heparin binding	
A0A2J8UKM8	heparin binding	
A0A2K5CBD2	heparin binding	
A0A2K5CBE4	heparin binding	
A0A2K5CBE8	heparin binding	
A0A2K5CBF7	heparin binding	
A0A2K5CBJ7	heparin binding	
A0A2K5CBL8	heparin binding	
A0A2K5CBM1	heparin binding	
A0A2K5JSY2	heparin binding	
A0A2K5JSY8	heparin binding	
A0A2K5JSZ2	heparin binding	
A0A2K5JT36	heparin binding	
A0A2K5JT40	heparin binding	
A0A2K5JT43	heparin binding	
A0A2K5JT61	heparin binding	
A0A2K5JT90	heparin binding	
A0A2K5JT97	heparin binding	
A0A2K5JTE7	heparin binding	
A0A2K5NQN0	heparin binding	
A0A2K5NQN3	heparin binding	
A0A2K5NQP8	heparin binding	
A0A2K5NQQ8	heparin binding	
A0A2K5NR37	heparin binding	
A0A2K5NR59	heparin binding	
A0A2K5NR93	heparin binding	
A0A2K5NRB5	heparin binding	
A0A2K5R4G1	heparin binding	
A0A2K5R4G4	heparin binding	
A0A2K5R4G8	heparin binding	
A0A2K5R4H7	heparin binding	
A0A2K5R4N3	heparin binding	
A0A2K5R4P5	heparin binding	
A0A2K5R4S9	heparin binding	
A0A2K5R4T4	heparin binding	
A0A2K5U698	heparin binding	
A0A2K5U6B3	heparin binding	
A0A2K5U6L3	heparin binding	
A0A2K5U6L4	heparin binding	
A0A2K5U6P1	heparin binding	
A0A2K5U6Q9	heparin binding	
A0A2K5ZU33	heparin binding	
A0A2K5ZU56	heparin binding	
A0A2K5ZUC0	heparin binding	
A0A2K5ZUF4	heparin binding	
A0A2K5ZUH1	heparin binding	
A0A2K5ZUH3	heparin binding	
A0A2K5ZUH6	heparin binding	
A0A2K5ZUH7	heparin binding	
A0A2K6ECD1	heparin binding	
A0A2K6ECD5	heparin binding	
A0A2K6ECD6	heparin binding	
A0A2K6ECE2	heparin binding	
A0A2K6ECE3	heparin binding	
A0A2K6ECE4	heparin binding	
A0A2K6ECE5	heparin binding	
A0A2K6ECF1	heparin binding	
A0A2K6ECF2	heparin binding	
A0A2K6ECF4	heparin binding	
A0A2K6FBH2	heparin binding	
A0A2K6FBI5	heparin binding	
A0A2K6FBJ3	heparin binding	
A0A2K6FBJ4	heparin binding	
A0A2K6FBK4	heparin binding	
A0A2K6FBK5	heparin binding	
A0A2K6FBK9	heparin binding	
A0A2K6MQZ3	heparin binding	
A0A2K6MR12	heparin binding	
A0A2K6MR17	heparin binding	
A0A2K6MR25	heparin binding	
A0A2K6MR28	heparin binding	
A0A2K6MR33	heparin binding	
A0A2K6MR40	heparin binding	
A0A2K6MR51	heparin binding	
A0A2K6MR59	heparin binding	
A0A2K6MR75	heparin binding	
A0A2K6QWL4	heparin binding	
A0A2K6QWN0	heparin binding	
A0A2K6QWN7	heparin binding	
A0A2K6QWQ1	heparin binding	
A0A2K6QWQ3	heparin binding	
A0A2K6QWQ6	heparin binding	
A0A2K6QWR3	heparin binding	
A0A2K6QWR8	heparin binding	
A0A2K6QWS0	heparin binding	
A0A2K6QWS1	heparin binding	
A0A2K6U8N0	heparin binding	
A0A2K6U8N6	heparin binding	
A0A2K6U8W0	heparin binding	
A0A2K6U8W1	heparin binding	
A0A2K6U927	heparin binding	
A0A2K6U931	heparin binding	
A0A2K6U949	heparin binding	
A0A2K6U953	heparin binding	
A0A2K6U992	heparin binding	
A0A2R8ZBP3	heparin binding	
A0A2R8ZBP8	heparin binding	
A0A2R8ZBQ3	heparin binding	
A0A2R8ZBT8	heparin binding	
A0A2R8ZBU5	heparin binding	
A0A2R8ZFM4	heparin binding	
A0A2R8ZFN4	heparin binding	
A0A2R8ZIG3	heparin binding	
A0A2R8ZIG8	heparin binding	
A0A2R8ZIN4	heparin binding	
A0A2U3WV95	heparin binding	
A0A2U3WVA0	heparin binding	
A0A2U3WVA3	heparin binding	
A0A2U3WVA7	heparin binding	
A0A2U3WVB5	heparin binding	
A0A2U3WVC0	heparin binding	
A0A2U3WVC5	heparin binding	
A0A2U3WVC8	heparin binding	
A0A2U3WVJ9	heparin binding	
A0A2U3WVK4	heparin binding	
A0A2U3YJP2	heparin binding	
A0A2U4AAS4	heparin binding	
A0A2U4AAW2	heparin binding	
A0A2U9AVQ0	heparin binding	
A0A2U9CAP8	heparin binding	
A0A2Y9EXI8	heparin binding	
A0A2Y9EXK6	heparin binding	
A0A2Y9EY25	heparin binding	
A0A2Y9EZH0	heparin binding	
A0A2Y9G3Z4	heparin binding	
A0A2Y9G421	heparin binding	
A0A2Y9G425	heparin binding	
A0A2Y9G4G9	heparin binding	
A0A2Y9G6I8	heparin binding	
A0A2Y9G7N1	heparin binding	
A0A2Y9JZT0	heparin binding	
A0A2Y9JZT4	heparin binding	
A0A2Y9K048	heparin binding	
A0A2Y9K0M0	heparin binding	
A0A2Y9K4S8	heparin binding	
A0A2Y9K4U9	heparin binding	
A0A2Y9K4V8	heparin binding	
A0A2Y9N938	heparin binding	
A0A2Y9NJ25	heparin binding	
A0A2Y9NJA6	heparin binding	
A0A2Y9QLU8	heparin binding	
A0A2Y9QSS5	heparin binding	
A0A315W8I1	heparin binding	
A0A315W8N2	heparin binding	
A0A340XYV3	heparin binding	
A0A340XYV5	heparin binding	
A0A340XZL7	heparin binding	
A0A340XZM2	heparin binding	
A0A340Y262	heparin binding	
A0A340Y268	heparin binding	
A0A340Y4E7	heparin binding	
A0A340Y4F1	heparin binding	
A0A340Y4Z4	heparin binding	
A0A340Y4Z9	heparin binding	
A0A341AAT8	heparin binding	
A0A341AAW4	heparin binding	
A0A341AD06	heparin binding	
A0A341ADY0	heparin binding	
A0A341ADY4	heparin binding	
A0A341AF95	heparin binding	
A0A384CYW7	heparin binding	
A0A384CZR0	heparin binding	
A0A3B1IF70	heparin binding	
A0A3B1J088	heparin binding	
A0A3B3BIS8	heparin binding	
A0A3B3BJV5	heparin binding	
A0A3B3BK82	heparin binding	
A0A3B3CK39	heparin binding	
A0A3B3DTE8	heparin binding	
A0A3B3DVQ5	heparin binding	
A0A3B3HIL4	heparin binding	
A0A3B3HTC2	heparin binding	
A0A3B3I2Z5	heparin binding	
A0A3B3SEZ5	heparin binding	
A0A3B3SF97	heparin binding	
A0A3B3SG36	heparin binding	
A0A3B3SGE8	heparin binding	
A0A3B3TSI4	heparin binding	
A0A3B3UAI0	heparin binding	
A0A3B3VK41	heparin binding	
A0A3B3WU96	heparin binding	
A0A3B3WZW6	heparin binding	
A0A3B3X000	heparin binding	
A0A3B3ZBI7	heparin binding	
A0A3B3ZBP1	heparin binding	
A0A3B4ABR7	heparin binding	
A0A3B4BZ38	heparin binding	
A0A3B4BZG5	heparin binding	
A0A3B4CPH8	heparin binding	
A0A3B4CR37	heparin binding	
A0A3B4E7I8	heparin binding	
A0A3B4GHM7	heparin binding	
A0A3B4GJZ8	heparin binding	
A0A3B4GQK8	heparin binding	
A0A3B4GUZ9	heparin binding	
A0A3B4GVG4	heparin binding	
A0A3B4TM53	heparin binding	
A0A3B4TNE2	heparin binding	
A0A3B4UFP2	heparin binding	
A0A3B4UFP5	heparin binding	
A0A3B4UIJ9	heparin binding	
A0A3B4Y265	heparin binding	
A0A3B4Y285	heparin binding	
A0A3B4Y315	heparin binding	
A0A3B4ZGL4	heparin binding	
A0A3B5A7N2	heparin binding	
A0A3B5A8X2	heparin binding	
A0A3B5AFU8	heparin binding	
A0A3B5MLN4	heparin binding	
A0A3B5N124	heparin binding	
A0A3B5QJ08	heparin binding	
A0A3B5R4J3	heparin binding	
A0A3L8SLK9	signaling receptor activator activity	
A0A3M0KLE7	heparin binding	
A0A3N0YH01	heparin binding	
A0A3P8NJZ8	heparin binding	
A0A3P8NK93	heparin binding	
A0A3P8NKE3	heparin binding	
A0A3P8RI74	heparin binding	
A0A3P8RJQ4	heparin binding	
A0A3P8RJR0	heparin binding	
A0A3P8RK61	heparin binding	
A0A3P8RN22	heparin binding	
A0A3P8RN50	heparin binding	
A0A3P8RP81	heparin binding	
A0A3P8RPA8	heparin binding	
A0A3P8RW97	heparin binding	
A0A3P8RXX7	heparin binding	
A0A3P8S084	heparin binding	
A0A3P8UPC7	heparin binding	
A0A3P8UPF8	heparin binding	
A0A3P8UXV7	heparin binding	
A0A3P8VZF5	heparin binding	
A0A3P8W1W0	heparin binding	
A0A3P8W4U9	heparin binding	
A0A3P8X766	heparin binding	
A0A3P8YT62	heparin binding	
A0A3P9ADG9	heparin binding	
A0A3P9ADP4	heparin binding	
A0A3P9ADV3	heparin binding	
A0A3P9BBF0	heparin binding	
A0A3P9BBF5	heparin binding	
A0A3P9BBQ2	heparin binding	
A0A3P9D6G9	heparin binding	
A0A3P9D6Z1	heparin binding	
A0A3P9D769	heparin binding	
A0A3P9I323	heparin binding	
A0A3P9I362	heparin binding	
A0A3P9IJN8	heparin binding	
A0A3P9IKA9	heparin binding	
A0A3P9IKE1	heparin binding	
A0A3P9JG29	heparin binding	
A0A3P9JV68	heparin binding	
A0A3P9JW77	heparin binding	
A0A3P9JW82	heparin binding	
A0A3P9L669	heparin binding	
A0A3P9L6M4	heparin binding	
A0A3P9MFU9	heparin binding	
A0A3P9MG34	heparin binding	
A0A3P9NYD3	heparin binding	
A0A3P9QGY2	heparin binding	
A0A3P9QH22	heparin binding	
A0A3Q0DMH8	heparin binding	
A0A3Q0DP48	heparin binding	
A0A3Q0DQ95	heparin binding	
A0A3Q0DQT0	heparin binding	
A0A3Q0T1C9	heparin binding	
A0A3Q1AP87	heparin binding	
A0A3Q1AQN1	heparin binding	
A0A3Q1BRF3	heparin binding	
A0A3Q1C2L8	heparin binding	
A0A3Q1CMU6	heparin binding	
A0A3Q1D805	heparin binding	
A0A3Q1EC13	heparin binding	
A0A3Q1EDN9	heparin binding	
A0A3Q1EQG9	heparin binding	
A0A3Q1EQJ4	heparin binding	
A0A3Q1G156	heparin binding	
A0A3Q1G5A3	heparin binding	
A0A3Q1HG40	heparin binding	
A0A3Q1HG63	heparin binding	
A0A3Q1I5J8	heparin binding	
A0A3Q1IDD1	heparin binding	
A0A3Q1JKY9	heparin binding	
A0A3Q1JL59	heparin binding	
A0A3Q1LUG2	heparin binding	
A0A3Q1MGE4	heparin binding	
A0A3Q1MI56	heparin binding	
A0A3Q1MLQ6	heparin binding	
A0A3Q2CMT9	heparin binding	
A0A3Q2CMV9	heparin binding	
A0A3Q2DD28	heparin binding	
A0A3Q2DX13	heparin binding	
A0A3Q2G331	heparin binding	
A0A3Q2HIF9	heparin binding	
A0A3Q2IKB0	heparin binding	
A0A3Q2PRJ8	heparin binding	
A0A3Q2PWS6	heparin binding	
A0A3Q2TIM2	heparin binding	
A0A3Q2V5S0	heparin binding	
A0A3Q2VEU6	heparin binding	
A0A3Q2W5E5	heparin binding	
A0A3Q2W6X1	heparin binding	
A0A3Q2XHP8	heparin binding	
A0A3Q2XVE2	heparin binding	
A0A3Q2Y0J2	heparin binding	
A0A3Q2Y7C1	heparin binding	
A0A3Q2YVS2	heparin binding	
A0A3Q2YYX3	heparin binding	
A0A3Q2YZA0	heparin binding	
A0A3Q3AF21	heparin binding	
A0A3Q3AF60	heparin binding	
A0A3Q3AF72	heparin binding	
A0A3Q3AFA7	heparin binding	
A0A3Q3BIB7	heparin binding	
A0A3Q3BSG8	heparin binding	
A0A3Q3CLX9	heparin binding	
A0A3Q3E0Y0	heparin binding	
A0A3Q3E107	heparin binding	
A0A3Q3E1W3	heparin binding	
A0A3Q3GI80	heparin binding	
A0A3Q3IWN8	heparin binding	
A0A3Q3IX35	heparin binding	
A0A3Q3J0L6	heparin binding	
A0A3Q3JVG8	heparin binding	
A0A3Q3K4J6	heparin binding	
A0A3Q3MDD1	heparin binding	
A0A3Q3MYR3	heparin binding	
A0A3Q3NB28	heparin binding	
A0A3Q3QD59	heparin binding	
A0A3Q3QDD9	heparin binding	
A0A3Q3R0S0	heparin binding	
A0A3Q3SYL1	heparin binding	
A0A3Q3X5L6	heparin binding	
A0A3Q4AW07	heparin binding	
A0A3Q4GVQ5	heparin binding	
A0A3Q4H4Y3	heparin binding	
A0A3Q4MIM4	heparin binding	
A0A3Q7P2Y3	heparin binding	
A0A3Q7P3T5	heparin binding	
A0A3Q7P3U0	heparin binding	
A0A3Q7PDW2	heparin binding	
A0A3Q7QJ68	heparin binding	
A0A3Q7QJ91	heparin binding	
A0A3Q7RXI8	heparin binding	
A0A3Q7S0C2	heparin binding	
A0A3Q7S6G7	heparin binding	
A0A3Q7S980	heparin binding	
A0A3Q7S984	heparin binding	
A0A3Q7T905	heparin binding	
A0A3S2PGS8	heparin binding	
A0A3S5ZPG2	heparin binding	
A0A401Q4M2	signaling receptor activator activity	
A0A401SZI5	heparin binding	
A0A437C6R0	heparin binding	
A0A444TWN9	heparin binding	
A0A444UD47	heparin binding	
A0A452G7X0	heparin binding	
A0A452G7Y2	heparin binding	
A0A452G7Y7	heparin binding	
A0A452G7Z8	heparin binding	
A0A452G817	heparin binding	
A0A452G865	heparin binding	
A0A452I586	heparin binding	
A0A452I5B3	heparin binding	
A0A452I5B7	heparin binding	
A0A452I5C5	heparin binding	
A0A452QNF0	heparin binding	
A0A452QNF7	heparin binding	
A0A452QNI9	heparin binding	
A0A452QNN4	heparin binding	
A0A452UGX7	heparin binding	
A0A452UH39	heparin binding	
A0A452UHC2	heparin binding	
A0A480E073	heparin binding	
A0A481B6Z4	heparin binding	
A0A484C3K5	heparin binding	
A0A484CUT1	heparin binding	
A0A485PC28	heparin binding	
A0A493U2L9	heparin binding	
A0A498MHX3	heparin binding	
A0A498NEU2	heparin binding	
A0A4D9E6D1	heparin binding	
A0A4U1FQV4	signaling receptor activator activity	
A0A4U5TXE0	heparin binding	
A0A4U5TZQ5	heparin binding	
A0A4U5U2G6	heparin binding	
A0A4V6AM54	heparin binding	
A0A4W2DEK1	heparin binding	
A0A4W2DEQ7	heparin binding	
A0A4W2DJV8	heparin binding	
A0A4W2DJW2	heparin binding	
A0A4W2DZ12	heparin binding	
A0A4W2DZ18	heparin binding	
A0A4W2F038	heparin binding	
A0A4W2F051	heparin binding	
A0A4W2F103	heparin binding	
A0A4W2GTD4	heparin binding	
A0A4W2GTJ9	heparin binding	
A0A4W2GUH1	heparin binding	
A0A4W2GWB0	heparin binding	
A0A4W2GWV0	heparin binding	
A0A4W2ICL3	heparin binding	
A0A4W2ICT0	heparin binding	
A0A4W2IEZ6	heparin binding	
A0A4W2II83	heparin binding	
A0A4W3JK39	heparin binding	
A0A4W3JUK6	heparin binding	
A0A4W3JUL1	heparin binding	
A0A4W3JUR9	heparin binding	
A0A4W3JUS5	heparin binding	
A0A4W3JUT0	heparin binding	
A0A4W3JX93	heparin binding	
A0A4W3JXE8	heparin binding	
A0A4W3KC46	heparin binding	
A0A4W4GVW6	heparin binding	
A0A4W4GYS0	heparin binding	
A0A4W4H2R8	heparin binding	
A0A4W4H2U4	heparin binding	
A0A4W4H3A0	heparin binding	
A0A4W4H3C9	heparin binding	
A0A4W4H3D5	heparin binding	
A0A4W4H3I1	heparin binding	
A0A4W4H3M5	heparin binding	
A0A4W4H3Y2	heparin binding	
A0A4W4H6P3	heparin binding	
A0A4W4H6Q7	heparin binding	
A0A4W4H6R2	heparin binding	
A0A4W4H6R8	heparin binding	
A0A4W4HAR4	heparin binding	
A0A4W4HAV2	heparin binding	
A0A4W4HDQ2	heparin binding	
A0A4W4HDR6	heparin binding	
A0A4W4HDU7	heparin binding	
A0A4W5JFJ9	heparin binding	
A0A4W5JIX8	heparin binding	
A0A4W5JIY5	heparin binding	
A0A4W5JUS2	heparin binding	
A0A4W5JUW1	heparin binding	
A0A4W5JZF1	heparin binding	
A0A4W5PI79	heparin binding	
A0A4W5PM99	heparin binding	
A0A4W5PMC1	heparin binding	
A0A4W5QHA5	heparin binding	
A0A4W5QS10	heparin binding	
A0A4W5QS33	heparin binding	
A0A4W5QS50	heparin binding	
A0A4W5QS61	heparin binding	
A0A4W5QS71	heparin binding	
A0A4W5QT25	heparin binding	
A0A4W5QX23	heparin binding	
A0A4W5RPV3	heparin binding	
A0A4W5RWX1	heparin binding	
A0A4W6F4U3	heparin binding	
A0A4W6F4X5	heparin binding	
A0A4W6F4Y0	heparin binding	
A0A4W6F6Q3	heparin binding	
A0A4W6F6R1	heparin binding	
A0A4W6F6R5	heparin binding	
A0A4W6F794	heparin binding	
A0A4W6F854	heparin binding	
A0A4W6F871	heparin binding	
A0A4W6F886	heparin binding	
A0A4W6FEK9	heparin binding	
A0A4W6FGA5	heparin binding	
A0A4W6FGJ7	heparin binding	
A0A4W6FGK6	heparin binding	
A0A4W6FGM7	heparin binding	
A0A4W6FH19	heparin binding	
A0A4W6FH30	heparin binding	
A0A4W6FH94	heparin binding	
A0A4W6FHK0	heparin binding	
A0A4W6FHL5	heparin binding	
A0A4W6G3A6	heparin binding	
A0A4W6G3C1	heparin binding	
A0A4W6G3E9	heparin binding	
A0A4W6G3F2	heparin binding	
A0A4W6G3G4	heparin binding	
A0A4W6G4M9	heparin binding	
A0A4W6G5D5	heparin binding	
A0A4X1UC79	heparin binding	
A0A4X1UDV2	heparin binding	
A0A4X1UE02	heparin binding	
A0A4X1UF49	heparin binding	
A0A4X1UF94	heparin binding	
A0A4X2K8X9	heparin binding	
A0A4X2KFZ3	heparin binding	
A0A4X2KGG8	heparin binding	
A0A4Z2BQ92	heparin binding	
A0A4Z2CJ88	heparin binding	
A0A4Z2FGM6	heparin binding	
A0A4Z2HFG0	heparin binding	
A0A553QSK4	heparin binding	
A0A553RMU0	heparin binding	
A0A553RMV3	heparin binding	
A0A553RMV7	heparin binding	
A0A556TKE8	heparin binding	
A0A556TXS7	heparin binding	
A0A5A9NZE0	heparin binding	
A0A5A9PJR3	heparin binding	
A0A5A9PLQ6	heparin binding	
A0A5C6NF81	heparin binding	
A0A5C6PRU0	heparin binding	
A0A5E4BHQ1	signaling receptor activator activity	
A0A5F5PMR9	heparin binding	
A0A5F5PX07	heparin binding	
A0A5F8G6Q4	heparin binding	
A0A5F8GAX1	heparin binding	
A0A5F8GHE3	heparin binding	
A0A5F8GQE3	heparin binding	
A0A5F8GU86	heparin binding	
A0A5F8GY54	heparin binding	
A0A5F9C8P7	heparin binding	
A0A5F9CKY0	heparin binding	
A0A5F9CLH6	heparin binding	
A0A5F9D1N0	heparin binding	
A0A5F9DQE8	heparin binding	
A0A5J5CDM5	heparin binding	
A0A5J5D4H9	heparin binding	
A0A5K1UK61	heparin binding	
A0A5K1VGY0	heparin binding	
A0A5N3V7D8	heparin binding	
A0A5N3W2N0	heparin binding	
A0A5N5K8B2	heparin binding	
A0A5N5PBQ7	heparin binding	
A0A663EFW8	heparin binding	
A0A663EG46	heparin binding	
A0A663EGK0	heparin binding	
A0A663EGM0	heparin binding	
A0A663EGR5	heparin binding	
A0A663N838	heparin binding	
A0A663N844	heparin binding	
A0A663NA02	heparin binding	
A0A665VFU8	heparin binding	
A0A665VG28	heparin binding	
A0A665VG62	heparin binding	
A0A665VH43	heparin binding	
A0A665VH48	heparin binding	
A0A665VHK9	heparin binding	
A0A665X8G4	heparin binding	
A0A665X8K4	heparin binding	
A0A665X8N8	heparin binding	
A0A665X8Q8	heparin binding	
A0A665X9B0	heparin binding	
A0A665X9C2	heparin binding	
A0A665X9W6	heparin binding	
A0A665X9X1	heparin binding	
A0A665XA35	heparin binding	
A0A665XA42	heparin binding	
A0A667GQK3	heparin binding	
A0A667HAF2	heparin binding	
A0A667HAG5	heparin binding	
A0A667HAK0	heparin binding	
A0A667HCZ6	heparin binding	
A0A667I2K9	heparin binding	
A0A667YD11	heparin binding	
A0A667YDA6	heparin binding	
A0A667YK37	heparin binding	
A0A667YNK2	heparin binding	
A0A667YPD5	heparin binding	
A0A667YPF9	heparin binding	
A0A667YWH7	heparin binding	
A0A667Z4R2	heparin binding	
A0A667Z4V3	heparin binding	
A0A668A1E0	heparin binding	
A0A668A5X1	heparin binding	
A0A668ABV7	heparin binding	
A0A668AL58	heparin binding	
A0A668ASZ3	heparin binding	
A0A668TX58	heparin binding	
A0A668U118	heparin binding	
A0A668V7J5	heparin binding	
A0A668V916	heparin binding	
A0A668VBU8	heparin binding	
A0A668VBW3	heparin binding	
A0A668VCI8	heparin binding	
A0A669AWF0	heparin binding	
A0A669B9H6	heparin binding	
A0A669BB07	heparin binding	
A0A669BEJ3	heparin binding	
A0A669BEK0	heparin binding	
A0A669BSL2	heparin binding	
A0A669D0S3	heparin binding	
A0A669DC86	heparin binding	
A0A669DI90	heparin binding	
A0A669EI00	heparin binding	
A0A669EJ63	heparin binding	
A0A669F0S1	heparin binding	
A0A669QZJ6	heparin binding	
A0A669QZJ9	heparin binding	
A0A670HX11	heparin binding	
A0A670HX99	heparin binding	
A0A670HYK3	heparin binding	
A0A670HYS6	heparin binding	
A0A670Y238	heparin binding	
A0A670Y905	heparin binding	
A0A671EDQ4	heparin binding	
A0A671EET4	heparin binding	
A0A671EF03	heparin binding	
A0A671EIH7	heparin binding	
A0A671EM27	heparin binding	
A0A671NLQ4	heparin binding	
A0A671NMM8	heparin binding	
A0A671NMS4	heparin binding	
A0A671NMX1	heparin binding	
A0A671NPW2	heparin binding	
A0A671NQ02	heparin binding	
A0A671Q4N3	heparin binding	
A0A671Q7J2	heparin binding	
A0A671Q7J7	heparin binding	
A0A671Q978	heparin binding	
A0A671RSR8	heparin binding	
A0A671RSV1	heparin binding	
A0A671RT52	heparin binding	
A0A671RT55	heparin binding	
A0A671RTF4	heparin binding	
A0A671RTI3	heparin binding	
A0A671RTQ2	heparin binding	
A0A671RTQ6	heparin binding	
A0A671RTR1	heparin binding	
A0A671RTX4	heparin binding	
A0A671SXH4	heparin binding	
A0A671SXI5	heparin binding	
A0A671SZM6	heparin binding	
A0A671T0Y5	heparin binding	
A0A671VV08	heparin binding	
A0A671VX10	heparin binding	
A0A671VYE0	heparin binding	
A0A671VZ09	heparin binding	
A0A671W099	heparin binding	
A0A671W0B4	heparin binding	
A0A671W4P4	heparin binding	
A0A671W5Y3	heparin binding	
A0A671W5Z7	heparin binding	
A0A671W6A3	heparin binding	
A0A671X7U0	heparin binding	
A0A671X806	heparin binding	
A0A671X886	heparin binding	
A0A671X8C0	heparin binding	
A0A671X8H9	heparin binding	
A0A671X8J8	heparin binding	
A0A671X8R7	heparin binding	
A0A671X9J7	heparin binding	
A0A671XAD9	heparin binding	
A0A671XEJ7	heparin binding	
A0A672HY44	heparin binding	
A0A672HYR2	heparin binding	
A0A672HZ73	heparin binding	
A0A672I0C3	heparin binding	
A0A672I154	heparin binding	
A0A672I159	heparin binding	
A0A672I1C6	heparin binding	
A0A672I2H8	heparin binding	
A0A672I2K7	heparin binding	
A0A672IG96	heparin binding	
A0A672IGG2	heparin binding	
A0A672IGV3	heparin binding	
A0A672IHX2	heparin binding	
A0A672II91	heparin binding	
A0A672II98	heparin binding	
A0A672IIG4	heparin binding	
A0A672IIJ6	heparin binding	
A0A672IJS4	heparin binding	
A0A672IJT5	heparin binding	
A0A672JLB0	heparin binding	
A0A672JLC7	heparin binding	
A0A672JLF8	heparin binding	
A0A672JLI7	heparin binding	
A0A672JPC5	heparin binding	
A0A672JPJ2	heparin binding	
A0A672JPJ7	heparin binding	
A0A672JQ82	heparin binding	
A0A672JQC0	heparin binding	
A0A672PKP8	heparin binding	
A0A672PL42	heparin binding	
A0A672PLS6	heparin binding	
A0A672PM83	heparin binding	
A0A672PMX3	heparin binding	
A0A672PN13	heparin binding	
A0A672PNL2	heparin binding	
A0A672PP75	heparin binding	
A0A672PTP8	heparin binding	
A0A672PUS2	heparin binding	
A0A672QPZ8	heparin binding	
A0A672QRS6	heparin binding	
A0A672QRV8	heparin binding	
A0A672QRZ5	heparin binding	
A0A672QRZ6	heparin binding	
A0A672QS02	heparin binding	
A0A672QS23	heparin binding	
A0A672QS38	heparin binding	
A0A672QS69	heparin binding	
A0A672QSJ6	heparin binding	
A0A672QWT1	heparin binding	
A0A672QWV9	heparin binding	
A0A672QX23	heparin binding	
A0A672QX28	heparin binding	
A0A672QX42	heparin binding	
A0A672QX49	heparin binding	
A0A672QXC9	heparin binding	
A0A672QXF1	heparin binding	
A0A672QXI0	heparin binding	
A0A672SR58	heparin binding	
A0A672SRC5	heparin binding	
A0A672SRV1	heparin binding	
A0A672SS79	heparin binding	
A0A672SSG9	heparin binding	
A0A672SSJ7	heparin binding	
A0A672STQ5	heparin binding	
A0A672SU81	heparin binding	
A0A672TUL7	heparin binding	
A0A672TXQ3	heparin binding	
A0A672TXR1	heparin binding	
A0A673AWR7	heparin binding	
A0A673AWX0	heparin binding	
A0A673AY32	heparin binding	
A0A673AYV1	heparin binding	
A0A673AZQ1	heparin binding	
A0A673B1L6	heparin binding	
A0A673B1Y8	heparin binding	
A0A673B388	heparin binding	
A0A673B3M0	heparin binding	
A0A673B3M1	heparin binding	
A0A673C7Q3	heparin binding	
A0A673C9C6	heparin binding	
A0A673CAQ2	heparin binding	
A0A673CB72	heparin binding	
A0A673CBX3	heparin binding	
A0A673CFL1	heparin binding	
A0A673CG02	heparin binding	
A0A673CH71	heparin binding	
A0A673CHM0	heparin binding	
A0A673CHR6	heparin binding	
A0A673KIF6	heparin binding	
A0A673KNH4	heparin binding	
A0A673KNI9	heparin binding	
A0A673KPQ2	heparin binding	
A0A673KQ65	heparin binding	
A0A673KR65	heparin binding	
A0A673KRY0	heparin binding	
A0A673KSC7	heparin binding	
A0A673KSC8	heparin binding	
A0A673KT99	heparin binding	
A0A673KTJ1	heparin binding	
A0A673KTW3	heparin binding	
A0A673KX26	heparin binding	
A0A673L014	heparin binding	
A0A673L030	heparin binding	
A0A673L075	heparin binding	
A0A673L174	heparin binding	
A0A673LB39	heparin binding	
A0A673LCJ6	heparin binding	
A0A673LD89	heparin binding	
A0A673LDF5	heparin binding	
A0A673LGA0	heparin binding	
A0A673LIL5	heparin binding	
A0A673LIT1	heparin binding	
A0A673LJI4	heparin binding	
A0A673LK89	heparin binding	
A0A673LKH6	heparin binding	
A0A673LV70	heparin binding	
A0A673LVA3	heparin binding	
A0A673LVA8	heparin binding	
A0A673LXX5	heparin binding	
A0A673LYF2	heparin binding	
A0A673LYF5	heparin binding	
A0A673M1W7	heparin binding	
A0A673M4Y1	heparin binding	
A0A673U560	heparin binding	
A0A673U5M9	heparin binding	
A0A673U602	heparin binding	
A0A673U6A5	heparin binding	
A0A673UH66	heparin binding	
A0A673UHC9	heparin binding	
A0A673XNC5	heparin binding	
A0A673XNU0	heparin binding	
A0A673XUY0	heparin binding	
A0A673XVF0	heparin binding	
A0A673XVH8	heparin binding	
A0A673XVU3	heparin binding	
A0A673XW38	heparin binding	
A0A673XWV7	heparin binding	
A0A673XXA0	heparin binding	
A0A673Y090	heparin binding	
A0A673Y0B2	heparin binding	
A0A673Y0D7	heparin binding	
A0A673Y1P6	heparin binding	
A0A673Y2Q4	heparin binding	
A0A673Y459	heparin binding	
A0A673Y462	heparin binding	
A0A673Y471	heparin binding	
A0A673Y481	heparin binding	
A0A673Y4E6	heparin binding	
A0A673Y4G0	heparin binding	
A0A673Y4L2	heparin binding	
A0A673Y5B5	heparin binding	
A0A673Y5J5	heparin binding	
A0A673Y5V3	heparin binding	
A0A673Y648	heparin binding	
A0A673Y6C4	heparin binding	
A0A673Y6T5	heparin binding	
A0A674ELD5	heparin binding	
A0A674ELJ8	heparin binding	
A0A674ELR2	heparin binding	
A0A674ELT3	heparin binding	
A0A674EM05	heparin binding	
A0A674EM12	heparin binding	
A0A674EM72	heparin binding	
A0A674EM96	heparin binding	
A0A674EMJ8	heparin binding	
A0A674EMN2	heparin binding	
A0A674GBF3	heparin binding	
A0A674GIZ7	heparin binding	
A0A674GVP4	heparin binding	
A0A674H3K2	heparin binding	
A0A674K557	heparin binding	
A0A674K697	heparin binding	
A0A674K9X3	heparin binding	
A0A674MNX5	heparin binding	
A0A674MY27	heparin binding	
A0A674NA85	heparin binding	
A0A674NDV2	heparin binding	
A0A674NPG4	heparin binding	
A0A674P131	heparin binding	
A0A674PFA1	heparin binding	
A0A674PGX8	heparin binding	
A0A674PKL5	heparin binding	
A0A674PP37	heparin binding	
A0A6A4S617	heparin binding	
A0A6A4TJ36	heparin binding	
A0A6A5E1G3	heparin binding	
A0A6A5F201	heparin binding	
A0A6B0S8S4	heparin binding	
A0A6D2WH19	heparin binding	
A0A6D2WLX6	heparin binding	
A0A6D2X899	heparin binding	
A0A6D2XIS8	heparin binding	
A0A6D2XM07	heparin binding	
A0A6G0HEU4	heparin binding	
A0A6G1B1W0	heparin binding	
A0A6G1PXN0	heparin binding	
A0A6G1QUB3	heparin binding	
A0A6G1RMJ2	heparin binding	
A0A6I8N030	heparin binding	
A0A6I8NQC0	heparin binding	
A0A6I8NRL2	heparin binding	
A0A6I8P563	heparin binding	
A0A6I8Q7B5	heparin binding	
A0A6I8QJ22	heparin binding	
A0A6I8QJ94	heparin binding	
A0A6I8RE14	heparin binding	
A0A6I8RNI5	heparin binding	
A0A6I9HN60	heparin binding	
A0A6I9HNH8	heparin binding	
A0A6I9IKC7	heparin binding	
A0A6I9ILI4	heparin binding	
A0A6I9IP50	heparin binding	
A0A6I9IP66	heparin binding	
A0A6I9M083	heparin binding	
A0A6I9M1V2	heparin binding	
A0A6I9MY18	signaling receptor activator activity	
A0A6I9NVL0	heparin binding	
A0A6I9XER8	heparin binding	
A0A6I9Y4Z2	heparin binding	
A0A6J0AYM2	heparin binding	
A0A6J0B0F3	heparin binding	
A0A6J0GN91	heparin binding	
A0A6J0GNB8	heparin binding	
A0A6J0GNI1	heparin binding	
A0A6J0XE10	heparin binding	
A0A6J0XE21	heparin binding	
A0A6J0XFF8	heparin binding	
A0A6J0XFG2	heparin binding	
A0A6J0XGF2	heparin binding	
A0A6J0XJ32	heparin binding	
A0A6J1TMU6	heparin binding	
A0A6J1TNJ7	heparin binding	
A0A6J1XYA0	heparin binding	
A0A6J1XYA4	heparin binding	
A0A6J1XYC2	heparin binding	
A0A6J1XYC6	heparin binding	
A0A6J1XYE9	heparin binding	
A0A6J1XYF3	heparin binding	
A0A6J1XZA2	heparin binding	
A0A6J2C5P7	heparin binding	
A0A6J2C6D2	heparin binding	
A0A6J2C891	heparin binding	
A0A6J2C895	heparin binding	
A0A6J2CA92	heparin binding	
A0A6J2CA98	heparin binding	
A0A6J2CC63	heparin binding	
A0A6J2KVC5	heparin binding	
A0A6J2KVV5	heparin binding	
A0A6J2KXG5	heparin binding	
A0A6J2R6X6	heparin binding	
A0A6J2RWV7	heparin binding	
A0A6J2RZR2	heparin binding	
A0A6J2VXB6	heparin binding	
A0A6J2VZJ3	heparin binding	
A0A6J2W8A9	heparin binding	
A0A6J2WB77	heparin binding	
A0A6J2WBK8	heparin binding	
A0A6J3CKW6	heparin binding	
A0A6J3CQD6	heparin binding	
A0A6J3HR59	heparin binding	
A0A6J3HR64	heparin binding	
A0A6J3HSB2	heparin binding	
A0A6J3HSB6	heparin binding	
A0A6J3HSG9	heparin binding	
A0A6J3HSH5	heparin binding	
A0A6J3HSH6	heparin binding	
A0A6J3HTM2	heparin binding	
A0A6J3RAJ9	heparin binding	
A0A6J3RAT7	heparin binding	
A0A6J3RBA4	heparin binding	
A0A6J3RDA6	heparin binding	
A0A6P3E6F9	heparin binding	
A0A6P3EM95	heparin binding	
A0A6P3ENT1	heparin binding	
A0A6P3ENT5	heparin binding	
A0A6P3EXP3	heparin binding	
A0A6P3F0H0	heparin binding	
A0A6P3F1U1	heparin binding	
A0A6P3GZH0	heparin binding	
A0A6P3H3W6	heparin binding	
A0A6P3H3X1	heparin binding	
A0A6P3HBS7	heparin binding	
A0A6P3HCB4	heparin binding	
A0A6P3HDV8	heparin binding	
A0A6P3PZ77	heparin binding	
A0A6P3Q1Q1	heparin binding	
A0A6P3Q3M6	heparin binding	
A0A6P3VGH9	heparin binding	
A0A6P5BEN1	heparin binding	
A0A6P5KZV9	heparin binding	
A0A6P5L407	heparin binding	
A0A6P5R968	heparin binding	
A0A6P6CCZ9	heparin binding	
A0A6P6CD23	heparin binding	
A0A6P6CDX8	heparin binding	
A0A6P6H0P0	heparin binding	
A0A6P6JM02	heparin binding	
A0A6P6KML2	heparin binding	
A0A6P6KQ14	heparin binding	
A0A6P6NLW3	heparin binding	
A0A6P6NMJ7	heparin binding	
A0A6P6PZL8	heparin binding	
A0A6P6Q124	heparin binding	
A0A6P6Q1V1	heparin binding	
A0A6P6Q5F1	heparin binding	
A0A6P7KCY3	heparin binding	
A0A6P7KGK1	heparin binding	
A0A6P7KM71	heparin binding	
A0A6P7KPY9	heparin binding	
A0A6P7LC20	heparin binding	
A0A6P7LDR0	heparin binding	
A0A6P7PQP2	heparin binding	
A0A6P7PQR4	heparin binding	
A0A6P7Q5Y6	heparin binding	
A0A6P7Q9D1	heparin binding	
A0A6P7QIK3	heparin binding	
A0A6P7QKW9	heparin binding	
A0A6P7QNM2	heparin binding	
A0A6P7Y5C2	heparin binding	
A0A6P7YBC4	heparin binding	
A0A6P8ERE4	heparin binding	
A0A6P8ERL6	heparin binding	
A0A6P8EUS4	heparin binding	
A0A6P8GT67	heparin binding	
A0A6P8QCG1	heparin binding	
A0A6P8QJI6	heparin binding	
A0A6P8R8Z3	heparin binding	
A0A6P8RBJ2	heparin binding	
A0A6P8U7S1	heparin binding	
A0A6P8U7S4	heparin binding	
A0A6P8U7X2	heparin binding	
A0A6P8V6V9	heparin binding	
A0A6P8VSV4	heparin binding	
A0A6P8WLH4	heparin binding	
A0A6P9CFJ9	heparin binding	
A0A6P9CIY8	heparin binding	
A0A6Q2WUX1	heparin binding	
A0A6Q2WZV4	heparin binding	
A0A6Q2XH15	heparin binding	
A0A6Q2XQV2	heparin binding	
A0A6Q2Y1T3	heparin binding	
A0A6Q2YB90	heparin binding	
A0A6Q2YHZ8	heparin binding	
A0A6Q2YMX6	heparin binding	
A0A6Q2YUS7	heparin binding	
A0A6Q2ZBR6	heparin binding	
A0A6Q2ZGW8	heparin binding	
A0A7E6D2D6	heparin binding	
A0A7E6D2G1	heparin binding	
A0A7E6D2I5	heparin binding	
A0A7E6D332	heparin binding	
A0A7E6D589	heparin binding	
A0A7F8K2F0	heparin binding	
A0A7J5Y456	heparin binding	
A0A7J5ZYN4	heparin binding	
A0A7J6AW73	heparin binding	
A0A7J6CQT6	heparin binding	
A0A7J6DIS3	heparin binding	
A0A7J7ZSU7	heparin binding	
A0A7J8A3P6	heparin binding	
A0A7J8A3W0	signaling receptor activator activity	
A0A7J8A3X0	heparin binding	
A0A7J8A3Y1	heparin binding	
A0A7J8A3Z4	heparin binding	
A0A7J8A478	heparin binding	
A0A7J8A487	heparin binding	
A0A7J8A4B9	heparin binding	
A0A7J8A4H5	heparin binding	
A0A7J8A4I5	heparin binding	
A0A7J8A4M3	heparin binding	
A0A7J8A4X8	heparin binding	
A0A7J8A5D6	heparin binding	
A0A7J8ACQ0	heparin binding	
A0A7J8ACU9	heparin binding	
A0A7J8ADA2	heparin binding	
A0A7J8ADG8	heparin binding	
A0A7J8ADS2	heparin binding	
A0A7J8ADT1	heparin binding	
A0A7J8AE74	signaling receptor activator activity	
A0A7J8HLC9	heparin binding	
A0A7J8HLF8	heparin binding	
A0A7J8HLG7	heparin binding	
A0A7J8HLZ6	heparin binding	
A0A7J8HM80	heparin binding	
A0A7J8HML0	heparin binding	
A0A7J8HMQ4	heparin binding	
A0A7J8HXL1	heparin binding	
A0A7J8HXM0	heparin binding	
A0A7J8HXQ9	heparin binding	
A0A7J8HXR8	heparin binding	
A0A7J8HXS5	heparin binding	
A0A7J8HYL0	heparin binding	
A0A7J8HYL1	signaling receptor activator activity	
A0A7J8HYP2	signaling receptor activator activity	
A0A7J8HYY7	heparin binding	
A0A7J8HZ15	heparin binding	
A0A7J8HZI3	heparin binding	
A0A7K4PUA7	heparin binding	
A0A7K4T1H8	heparin binding	
A0A7K4U7S3	heparin binding	
A0A7K4VHS8	heparin binding	
A0A7K4WU97	heparin binding	
A0A7K4XTB4	heparin binding	
A0A7K5AYE4	heparin binding	
A0A7K5D5D4	heparin binding	
A0A7K5G792	heparin binding	
A0A7K5IXB8	heparin binding	
A0A7K5KAZ0	heparin binding	
A0A7K5NCR2	heparin binding	
A0A7K5PIQ2	heparin binding	
A0A7K5QXR1	heparin binding	
A0A7K5WLL5	heparin binding	
A0A7K5XAI5	heparin binding	
A0A7K5YTN6	heparin binding	
A0A7K5Z8Q6	heparin binding	
A0A7K6DSW9	heparin binding	
A0A7K6E084	heparin binding	
A0A7K6FCE5	heparin binding	
A0A7K6GK90	heparin binding	
A0A7K6HRE5	heparin binding	
A0A7K6IPT7	heparin binding	
A0A7K6JNZ3	heparin binding	
A0A7K6LQJ5	heparin binding	
A0A7K6N902	heparin binding	
A0A7K6Q196	heparin binding	
A0A7K6R138	heparin binding	
A0A7K6RN51	heparin binding	
A0A7K6UJN8	heparin binding	
A0A7K6VAE6	heparin binding	
A0A7K6WSQ2	heparin binding	
A0A7K6XQD6	heparin binding	
A0A7K6YHE4	heparin binding	
A0A7K6ZWB8	heparin binding	
A0A7K7B5X5	heparin binding	
A0A7K7CI34	heparin binding	
A0A7K7DLM7	heparin binding	
A0A7K7EN44	heparin binding	
A0A7K7GDW4	heparin binding	
A0A7K7I6I6	heparin binding	
A0A7K7JQK0	heparin binding	
A0A7K7L7U3	heparin binding	
A0A7K7MGS3	heparin binding	
A0A7K7NWP9	heparin binding	
A0A7K7PPE8	heparin binding	
A0A7K7QUD9	heparin binding	
A0A7K7RJ53	heparin binding	
A0A7K7SWD6	heparin binding	
A0A7K7UJM9	heparin binding	
A0A7K7V5I1	heparin binding	
A0A7K7X362	heparin binding	
A0A7K7Y808	heparin binding	
A0A7K8AVB0	heparin binding	
A0A7K8BMX0	heparin binding	
A0A7K8CM23	heparin binding	
A0A7K8EG74	heparin binding	
A0A7K8EYC4	heparin binding	
A0A7K8GGY8	heparin binding	
A0A7K8IGF2	heparin binding	
A0A7K8JVV6	heparin binding	
A0A7K8MKT4	heparin binding	
A0A7K8NG71	heparin binding	
A0A7K8PH08	heparin binding	
A0A7K8R440	heparin binding	
A0A7K8S7G1	heparin binding	
A0A7K8U5N8	heparin binding	
A0A7K8VEV8	heparin binding	
A0A7K8W3U5	heparin binding	
A0A7K8YQL8	heparin binding	
A0A7K9A6K8	heparin binding	
A0A7K9B6P1	heparin binding	
A0A7K9F730	heparin binding	
A0A7K9IZD0	heparin binding	
A0A7K9KGY4	heparin binding	
A0A7K9KWB0	heparin binding	
A0A7K9MRN6	heparin binding	
A0A7K9PF81	heparin binding	
A0A7K9QIH9	heparin binding	
A0A7K9RIP9	heparin binding	
A0A7K9SV06	heparin binding	
A0A7K9VL48	heparin binding	
A0A7K9X7G7	heparin binding	
A0A7K9YLD1	heparin binding	
A0A7L0AF32	heparin binding	
A0A7L0DAI0	heparin binding	
A0A7L0IDM6	heparin binding	
A0A7L0LKQ5	heparin binding	
A0A7L0N945	heparin binding	
A0A7L0PGQ6	heparin binding	
A0A7L0Q717	heparin binding	
A0A7L0SYM4	heparin binding	
A0A7L0UUF4	heparin binding	
A0A7L0XU70	heparin binding	
A0A7L0Y4F0	heparin binding	
A0A7L1AGW5	heparin binding	
A0A7L1CDN1	heparin binding	
A0A7L1D477	heparin binding	
A0A7L1FY37	heparin binding	
A0A7L1GUU8	heparin binding	
A0A7L1JQI1	heparin binding	
A0A7L1LFU1	heparin binding	
A0A7L1MMD1	heparin binding	
A0A7L1QIE6	heparin binding	
A0A7L1XUT4	heparin binding	
A0A7L1YP34	heparin binding	
A0A7L2B7I8	heparin binding	
A0A7L2CX62	heparin binding	
A0A7L2KHA2	heparin binding	
A0A7L2VQN5	heparin binding	
A0A7L2X144	heparin binding	
A0A7L2YQD1	heparin binding	
A0A7L3AA68	heparin binding	
A0A7L3DM50	heparin binding	
A0A7L3FJE6	heparin binding	
A0A7L3K5G8	heparin binding	
A0A7L3LZU6	heparin binding	
A0A7L3PGG1	heparin binding	
A0A7L3RR80	heparin binding	
A0A7L3T7D8	heparin binding	
A0A7L3TWD5	heparin binding	
A0A7L3VS49	heparin binding	
A0A7L3YL76	heparin binding	
A0A7L4AG18	heparin binding	
A0A7L4CER0	heparin binding	
A0A7L4GQ45	heparin binding	
A0A7L4J5S3	heparin binding	
A0A7L4LVG2	heparin binding	
A0A7M4F3Q0	heparin binding	
A0A7M4F3Z4	heparin binding	
A0A7M4F553	heparin binding	
A0A7M4F6K8	heparin binding	
A0A7M4F871	heparin binding	
A0A7N4NLT9	heparin binding	
A0A7N4PBK5	heparin binding	
A0A7N4V495	heparin binding	
A0A7N5JN45	heparin binding	
A0A7N5JSB7	heparin binding	
A0A7N5K3J6	heparin binding	
A0A7N5KFS1	heparin binding	
A0A7N5KHQ6	heparin binding	
A0A7N5P886	heparin binding	
A0A7N5ZVW6	heparin binding	
A0A7N6A188	heparin binding	
A0A7N6A7S3	heparin binding	
A0A7N6AB98	heparin binding	
A0A7N6AJ93	heparin binding	
A0A7N6AW99	heparin binding	
A0A7N6AYY9	heparin binding	
A0A7N6BMW7	heparin binding	
A0A7N6BN90	heparin binding	
A0A7N6BRR8	heparin binding	
A0A7N6BXQ3	heparin binding	
A0A7N6BYD0	heparin binding	
A0A7N6C452	heparin binding	
A0A7N8WNM7	heparin binding	
A0A7N8WZD3	heparin binding	
A0A7N8X325	heparin binding	
A0A7N8X8B2	heparin binding	
A0A7N8XCL9	heparin binding	
A0A7N8XEY5	heparin binding	
A0A7N8XSV4	heparin binding	
A0A7N8Y225	heparin binding	
A0A7N8Y754	heparin binding	
A0A7N8YDR4	heparin binding	
A0A7N8YKF5	heparin binding	
A0A7N8YNQ1	heparin binding	
A0A7N9ASJ4	heparin binding	
A0A7N9ATZ4	heparin binding	
A0A7N9AW91	heparin binding	
A0A7N9B131	heparin binding	
A0A7R5KPZ6	heparin binding	
A0A803ST61	heparin binding	
A0A803SWC1	heparin binding	
A0A803T1M0	heparin binding	
A0A803T915	heparin binding	
A0A803TBZ1	heparin binding	
A0A803TXL3	heparin binding	
A0A803V0P1	heparin binding	
A0A803VGJ2	heparin binding	
A0A803XMX5	heparin binding	
A0A803Y5R5	heparin binding	
A0A803YAC4	heparin binding	
A0A803YCH7	heparin binding	
A0A805PQK8	heparin binding	
A0A811ZYN6	heparin binding	
A0A834ATP9	heparin binding	
A0A834CDE3	heparin binding	
A0A834CFV6	heparin binding	
A0A834EHS2	heparin binding	
A0A835NVZ7	heparin binding	
A0A850WFE8	heparin binding	
A0A851B5F5	heparin binding	
A0A851CGS4	heparin binding	
A0A851FKL0	heparin binding	
A0A851L2G6	heparin binding	
A0A851M938	heparin binding	
A0A851NZD6	heparin binding	
A0A851PLV0	heparin binding	
A0A851QZB8	heparin binding	
A0A851RPZ0	heparin binding	
A0A851USI1	heparin binding	
A0A851X0T1	heparin binding	
A0A851XKW1	heparin binding	
A0A851YXJ5	heparin binding	
A0A852A569	heparin binding	
A0A852B1L4	heparin binding	
A0A852N2E3	heparin binding	
A0A852PFG9	heparin binding	
A0A8B7A165	heparin binding	
A0A8B7GBF1	heparin binding	
A0A8B7GBF5	heparin binding	
A0A8B7GBX9	heparin binding	
A0A8B7GCF7	heparin binding	
A0A8B7SW04	heparin binding	
A0A8B7SZC0	heparin binding	
A0A8B8SRK8	heparin binding	
A0A8B8SRM0	heparin binding	
A0A8B8SRM8	heparin binding	
A0A8B8SRP3	heparin binding	
A0A8B8SSC4	heparin binding	
A0A8B8SSQ7	heparin binding	
A0A8B8XAM4	heparin binding	
A0A8B8XAM9	heparin binding	
A0A8B8XB09	heparin binding	
A0A8B9EYB8	heparin binding	
A0A8B9HQF8	heparin binding	
A0A8B9HS45	heparin binding	
A0A8B9HS59	heparin binding	
A0A8B9HSD7	heparin binding	
A0A8B9HTF8	heparin binding	
A0A8B9HU54	heparin binding	
A0A8B9HUT5	heparin binding	
A0A8B9HZU8	heparin binding	
A0A8B9IS35	heparin binding	
A0A8B9JBI3	heparin binding	
A0A8B9JBY2	heparin binding	
A0A8B9LJV3	heparin binding	
A0A8B9LJW4	heparin binding	
A0A8B9LL85	heparin binding	
A0A8B9LLM4	heparin binding	
A0A8B9LME0	heparin binding	
A0A8B9LN35	heparin binding	
A0A8B9LNR5	heparin binding	
A0A8B9LPT5	heparin binding	
A0A8B9LPZ9	heparin binding	
A0A8B9LU44	heparin binding	
A0A8B9PJ25	heparin binding	
A0A8B9PK09	heparin binding	
A0A8B9QRV4	heparin binding	
A0A8B9QTJ7	heparin binding	
A0A8B9RXT6	signaling receptor activator activity	
A0A8B9U6R0	heparin binding	
A0A8B9U6T0	heparin binding	
A0A8B9U6T5	heparin binding	
A0A8B9VYQ4	heparin binding	
A0A8B9VYT7	heparin binding	
A0A8B9W1Q6	heparin binding	
A0A8B9W4P1	heparin binding	
A0A8B9W6L5	heparin binding	
A0A8C0BFE5	heparin binding	
A0A8C0BG97	heparin binding	
A0A8C0BH31	heparin binding	
A0A8C0DLA3	heparin binding	
A0A8C0DLM3	heparin binding	
A0A8C0DMU4	heparin binding	
A0A8C0DQ80	heparin binding	
A0A8C0DQC5	heparin binding	
A0A8C0EFV1	heparin binding	
A0A8C0EFX1	heparin binding	
A0A8C0EPE5	heparin binding	
A0A8C0I965	heparin binding	
A0A8C0J4T8	heparin binding	
A0A8C0LP07	heparin binding	
A0A8C0LRE1	heparin binding	
A0A8C0LSA4	heparin binding	
A0A8C0NLH2	heparin binding	
A0A8C0NN75	heparin binding	
A0A8C0NNJ0	heparin binding	
A0A8C0NP81	heparin binding	
A0A8C0NTA4	heparin binding	
A0A8C0NZF0	heparin binding	
A0A8C0P301	heparin binding	
A0A8C0QPE3	heparin binding	
A0A8C0TD40	heparin binding	
A0A8C0TFK8	heparin binding	
A0A8C0TFV8	heparin binding	
A0A8C0TG24	heparin binding	
A0A8C0TG86	heparin binding	
A0A8C0TGH9	heparin binding	
A0A8C0V7H4	heparin binding	
A0A8C0V976	heparin binding	
A0A8C0VAQ8	heparin binding	
A0A8C0VCL0	heparin binding	
A0A8C0XPR2	heparin binding	
A0A8C0XU13	heparin binding	
A0A8C0XWB0	heparin binding	
A0A8C0XY43	heparin binding	
A0A8C0Z3X8	heparin binding	
A0A8C0ZZU3	heparin binding	
A0A8C1C2H8	heparin binding	
A0A8C1C2Q1	heparin binding	
A0A8C1EJR9	heparin binding	
A0A8C1EP72	heparin binding	
A0A8C1EQM3	heparin binding	
A0A8C1F5B2	heparin binding	
A0A8C1F6K8	heparin binding	
A0A8C1F7E9	heparin binding	
A0A8C1F7K4	heparin binding	
A0A8C1F898	heparin binding	
A0A8C1F9J6	heparin binding	
A0A8C1F9V0	heparin binding	
A0A8C1FCY3	heparin binding	
A0A8C1GKE9	heparin binding	
A0A8C1GKP0	heparin binding	
A0A8C1GLC1	heparin binding	
A0A8C1GN86	heparin binding	
A0A8C1GPB2	heparin binding	
A0A8C1GQ54	heparin binding	
A0A8C1GUX5	heparin binding	
A0A8C1GUY5	heparin binding	
A0A8C1GVD7	heparin binding	
A0A8C1IA57	heparin binding	
A0A8C1JCK9	heparin binding	
A0A8C1JCY2	heparin binding	
A0A8C1JD98	heparin binding	
A0A8C1JET9	heparin binding	
A0A8C1JF50	heparin binding	
A0A8C1JG77	heparin binding	
A0A8C1N2A9	heparin binding	
A0A8C1N3W9	heparin binding	
A0A8C1N4W8	heparin binding	
A0A8C1N4Y4	heparin binding	
A0A8C1N539	heparin binding	
A0A8C1N5Q4	heparin binding	
A0A8C1N7J4	heparin binding	
A0A8C1N8V8	heparin binding	
A0A8C1NAN2	heparin binding	
A0A8C1NCV6	heparin binding	
A0A8C1NFS1	heparin binding	
A0A8C1NFV6	heparin binding	
A0A8C1NGY8	heparin binding	
A0A8C1NHU7	heparin binding	
A0A8C1NLW3	heparin binding	
A0A8C1QCV0	heparin binding	
A0A8C1R3F1	heparin binding	
A0A8C1R4A8	heparin binding	
A0A8C1R6P2	heparin binding	
A0A8C1WHW0	heparin binding	
A0A8C1WJG9	heparin binding	
A0A8C1WJX0	heparin binding	
A0A8C1WLC5	heparin binding	
A0A8C1XPH1	heparin binding	
A0A8C1XRZ1	heparin binding	
A0A8C1XT99	heparin binding	
A0A8C1XTJ9	heparin binding	
A0A8C1XVA5	heparin binding	
A0A8C1XVE4	heparin binding	
A0A8C1XYT1	heparin binding	
A0A8C1ZBR1	heparin binding	
A0A8C1ZJT7	heparin binding	
A0A8C1ZK69	heparin binding	
A0A8C1ZKM3	heparin binding	
A0A8C2ABZ1	heparin binding	
A0A8C2AC90	heparin binding	
A0A8C2ADJ8	heparin binding	
A0A8C2AGY3	heparin binding	
A0A8C2FTY5	heparin binding	
A0A8C2FUE6	heparin binding	
A0A8C2FUU3	heparin binding	
A0A8C2FV66	heparin binding	
A0A8C2FVJ0	heparin binding	
A0A8C2FVX3	heparin binding	
A0A8C2FW86	heparin binding	
A0A8C2FW91	heparin binding	
A0A8C2FXW4	heparin binding	
A0A8C2G1P2	heparin binding	
A0A8C2GLY7	heparin binding	
A0A8C2GMN9	heparin binding	
A0A8C2K7K4	heparin binding	
A0A8C2KA25	heparin binding	
A0A8C2KBG8	heparin binding	
A0A8C2KCG1	heparin binding	
A0A8C2KCL0	heparin binding	
A0A8C2KGI0	heparin binding	
A0A8C2KMH8	heparin binding	
A0A8C2L5T0	heparin binding	
A0A8C2L6Q2	heparin binding	
A0A8C2L9C4	heparin binding	
A0A8C2LA81	heparin binding	
A0A8C2LBA4	heparin binding	
A0A8C2LCN2	heparin binding	
A0A8C2MGG8	heparin binding	
A0A8C2MIM7	heparin binding	
A0A8C2NXZ5	heparin binding	
A0A8C2Q567	heparin binding	
A0A8C2Q5C9	heparin binding	
A0A8C2Q5L5	heparin binding	
A0A8C2Q5W8	heparin binding	
A0A8C2SYD5	heparin binding	
A0A8C2SZW1	heparin binding	
A0A8C2VAZ6	heparin binding	
A0A8C2VB00	heparin binding	
A0A8C2Y6V7	heparin binding	
A0A8C2YP37	heparin binding	
A0A8C2ZFA0	heparin binding	
A0A8C2ZHH8	heparin binding	
A0A8C2ZHN5	heparin binding	
A0A8C2ZHY0	heparin binding	
A0A8C2ZJL6	heparin binding	
A0A8C2ZJQ2	heparin binding	
A0A8C2ZJW7	heparin binding	
A0A8C2ZJY0	heparin binding	
A0A8C2ZK18	heparin binding	
A0A8C2ZLD9	heparin binding	
A0A8C2ZMW0	heparin binding	
A0A8C2ZMZ8	heparin binding	
A0A8C2ZMZ9	heparin binding	
A0A8C2ZNA3	heparin binding	
A0A8C2ZNI6	heparin binding	
A0A8C2ZNJ6	heparin binding	
A0A8C2ZNS0	heparin binding	
A0A8C2ZPD8	heparin binding	
A0A8C2ZPM8	heparin binding	
A0A8C3B998	heparin binding	
A0A8C3BAU7	heparin binding	
A0A8C3D2U3	heparin binding	
A0A8C3D2W3	heparin binding	
A0A8C3D4X6	heparin binding	
A0A8C3D580	heparin binding	
A0A8C3D759	heparin binding	
A0A8C3D7A9	heparin binding	
A0A8C3G1S1	heparin binding	
A0A8C3GDV1	heparin binding	
A0A8C3GDW6	heparin binding	
A0A8C3IS46	heparin binding	
A0A8C3IVU9	heparin binding	
A0A8C3IXA9	heparin binding	
A0A8C3KGN4	heparin binding	
A0A8C3KGP2	heparin binding	
A0A8C3KKT9	heparin binding	
A0A8C3L1R3	heparin binding	
A0A8C3L392	heparin binding	
A0A8C3L5N3	heparin binding	
A0A8C3MCI9	heparin binding	
A0A8C3MJ71	heparin binding	
A0A8C3NNB2	heparin binding	
A0A8C3NTI1	heparin binding	
A0A8C3PFB6	heparin binding	
A0A8C3Q5Q9	heparin binding	
A0A8C3SDZ6	heparin binding	
A0A8C3SHF3	heparin binding	
A0A8C3TLG3	heparin binding	
A0A8C3TLH2	heparin binding	
A0A8C3TMN7	heparin binding	
A0A8C3TMU8	heparin binding	
A0A8C3TQ02	heparin binding	
A0A8C3WNF7	heparin binding	
A0A8C3WPA8	heparin binding	
A0A8C3WQC0	heparin binding	
A0A8C3WYI3	heparin binding	
A0A8C3XNH4	heparin binding	
A0A8C3XXL5	heparin binding	
A0A8C3YIG8	heparin binding	
A0A8C4EUK1	heparin binding	
A0A8C4EUK3	heparin binding	
A0A8C4EVB5	heparin binding	
A0A8C4EVE7	heparin binding	
A0A8C4EVJ7	heparin binding	
A0A8C4EVK0	heparin binding	
A0A8C4EY64	heparin binding	
A0A8C4FCN7	heparin binding	
A0A8C4GPR4	heparin binding	
A0A8C4GQ16	heparin binding	
A0A8C4GQN2	heparin binding	
A0A8C4GTG4	heparin binding	
A0A8C4GUR2	heparin binding	
A0A8C4GWH0	heparin binding	
A0A8C4GX74	heparin binding	
A0A8C4GXJ1	heparin binding	
A0A8C4JTW1	heparin binding	
A0A8C4JTX2	heparin binding	
A0A8C4JUB0	heparin binding	
A0A8C4JVU8	heparin binding	
A0A8C4JWZ6	heparin binding	
A0A8C4LGI7	heparin binding	
A0A8C4LI26	heparin binding	
A0A8C4LJG7	heparin binding	
A0A8C4LMJ3	heparin binding	
A0A8C4NIH2	heparin binding	
A0A8C4NK60	heparin binding	
A0A8C4TJL0	heparin binding	
A0A8C4TPV0	heparin binding	
A0A8C4USL3	heparin binding	
A0A8C4USZ7	heparin binding	
A0A8C4UT47	heparin binding	
A0A8C4UTP9	heparin binding	
A0A8C4VHQ0	heparin binding	
A0A8C4VKB9	heparin binding	
A0A8C4XI33	heparin binding	
A0A8C4XS00	heparin binding	
A0A8C4XWX9	heparin binding	
A0A8C4YYE7	heparin binding	
A0A8C5A0P4	heparin binding	
A0A8C5A223	heparin binding	
A0A8C5A9F0	heparin binding	
A0A8C5AJL6	heparin binding	
A0A8C5B991	heparin binding	
A0A8C5BIE9	heparin binding	
A0A8C5BYQ1	heparin binding	
A0A8C5C1Z3	heparin binding	
A0A8C5CPF1	heparin binding	
A0A8C5CU51	heparin binding	
A0A8C5F4A1	heparin binding	
A0A8C5HC19	heparin binding	
A0A8C5HEQ9	heparin binding	
A0A8C5HFF7	heparin binding	
A0A8C5HFY3	heparin binding	
A0A8C5HGA1	heparin binding	
A0A8C5HGJ6	heparin binding	
A0A8C5HH55	heparin binding	
A0A8C5IV72	heparin binding	
A0A8C5IYL4	heparin binding	
A0A8C5KVW2	heparin binding	
A0A8C5MID8	heparin binding	
A0A8C5MIW7	heparin binding	
A0A8C5MJD6	heparin binding	
A0A8C5MLZ7	heparin binding	
A0A8C5MM05	heparin binding	
A0A8C5MMV3	heparin binding	
A0A8C5MNH9	heparin binding	
A0A8C5MQM6	heparin binding	
A0A8C5NBK6	heparin binding	
A0A8C5NBU4	heparin binding	
A0A8C5NC20	heparin binding	
A0A8C5P267	heparin binding	
A0A8C5PCV0	heparin binding	
A0A8C5SU09	heparin binding	
A0A8C5SV29	heparin binding	
A0A8C5SV43	heparin binding	
A0A8C5SVG6	heparin binding	
A0A8C5TI79	heparin binding	
A0A8C5TIB6	heparin binding	
A0A8C5TIG8	heparin binding	
A0A8C5TJ58	heparin binding	
A0A8C5TJV4	heparin binding	
A0A8C5TK55	heparin binding	
A0A8C5TL30	heparin binding	
A0A8C5TM16	heparin binding	
A0A8C5UL57	heparin binding	
A0A8C5X3R8	heparin binding	
A0A8C5XIY7	heparin binding	
A0A8C5XJG8	heparin binding	
A0A8C5XR22	heparin binding	
A0A8C5ZSV5	heparin binding	
A0A8C5ZSW5	heparin binding	
A0A8C5ZWT2	heparin binding	
A0A8C6ARU0	heparin binding	
A0A8C6ASU2	heparin binding	
A0A8C6AUM8	heparin binding	
A0A8C6AV19	heparin binding	
A0A8C6AV90	heparin binding	
A0A8C6DL93	heparin binding	
A0A8C6DM93	heparin binding	
A0A8C6DP75	heparin binding	
A0A8C6DRM8	heparin binding	
A0A8C6DY79	heparin binding	
A0A8C6EW81	heparin binding	
A0A8C6G572	heparin binding	
A0A8C6G5F8	heparin binding	
A0A8C6G5Y1	heparin binding	
A0A8C6KXH2	heparin binding	
A0A8C6KY32	heparin binding	
A0A8C6KY39	heparin binding	
A0A8C6L026	heparin binding	
A0A8C6L1C0	heparin binding	
A0A8C6L1Q9	heparin binding	
A0A8C6L323	heparin binding	
A0A8C6L4V5	heparin binding	
A0A8C6MP04	heparin binding	
A0A8C6N989	heparin binding	
A0A8C6NMP4	heparin binding	
A0A8C6PYC3	heparin binding	
A0A8C6PYD7	heparin binding	
A0A8C6PYF5	heparin binding	
A0A8C6Q0K6	heparin binding	
A0A8C6Q1A5	heparin binding	
A0A8C6Q2J1	heparin binding	
A0A8C6R7H9	heparin binding	
A0A8C6R8L1	heparin binding	
A0A8C6U0M9	heparin binding	
A0A8C6U197	heparin binding	
A0A8C6U344	heparin binding	
A0A8C6U5A6	heparin binding	
A0A8C6U8F4	heparin binding	
A0A8C6V0Q7	heparin binding	
A0A8C6V0R8	heparin binding	
A0A8C6V1U1	heparin binding	
A0A8C6V1V0	heparin binding	
A0A8C6V2S9	heparin binding	
A0A8C6V456	heparin binding	
A0A8C6V5R2	heparin binding	
A0A8C6V8L1	heparin binding	
A0A8C6VZ25	heparin binding	
A0A8C6VZ47	heparin binding	
A0A8C6VZB6	heparin binding	
A0A8C6VZC0	heparin binding	
A0A8C6WZZ3	heparin binding	
A0A8C6WZZ5	heparin binding	
A0A8C6XYI2	heparin binding	
A0A8C6XYL3	heparin binding	
A0A8C6Y109	heparin binding	
A0A8C6Y1J4	heparin binding	
A0A8C6Y1V3	heparin binding	
A0A8C6Y1W3	heparin binding	
A0A8C7A1L6	heparin binding	
A0A8C7A4F2	heparin binding	
A0A8C7A867	heparin binding	
A0A8C7ACL1	heparin binding	
A0A8C7AER9	heparin binding	
A0A8C7AF32	heparin binding	
A0A8C7E404	heparin binding	
A0A8C7EKE4	heparin binding	
A0A8C7FB41	heparin binding	
A0A8C7FB51	heparin binding	
A0A8C7FBH5	heparin binding	
A0A8C7FBK8	heparin binding	
A0A8C7FBL5	heparin binding	
A0A8C7FBN6	heparin binding	
A0A8C7FC37	heparin binding	
A0A8C7FCH9	heparin binding	
A0A8C7H6E5	heparin binding	
A0A8C7H7V5	heparin binding	
A0A8C7H837	heparin binding	
A0A8C7H8U3	heparin binding	
A0A8C7HAF3	heparin binding	
A0A8C7HAK9	heparin binding	
A0A8C7HCN9	heparin binding	
A0A8C7HD36	heparin binding	
A0A8C7IA11	heparin binding	
A0A8C7IA46	heparin binding	
A0A8C7IA88	heparin binding	
A0A8C7IAS0	heparin binding	
A0A8C7ICG1	heparin binding	
A0A8C7ICG8	heparin binding	
A0A8C7ICI1	heparin binding	
A0A8C7ICR9	heparin binding	
A0A8C7IVU8	heparin binding	
A0A8C7IW22	heparin binding	
A0A8C7IWL7	heparin binding	
A0A8C7IWL9	heparin binding	
A0A8C7IXS1	heparin binding	
A0A8C7J3C3	heparin binding	
A0A8C7J3E9	heparin binding	
A0A8C7LK89	heparin binding	
A0A8C7LN21	heparin binding	
A0A8C7LN46	heparin binding	
A0A8C7LS87	heparin binding	
A0A8C7LW44	heparin binding	
A0A8C7LZF8	heparin binding	
A0A8C7M0N2	heparin binding	
A0A8C7MH72	heparin binding	
A0A8C7MHF0	heparin binding	
A0A8C7MPV2	heparin binding	
A0A8C7MU43	heparin binding	
A0A8C7MUL6	heparin binding	
A0A8C7NDK8	heparin binding	
A0A8C7PJN6	heparin binding	
A0A8C7PKU0	heparin binding	
A0A8C7PLN3	heparin binding	
A0A8C7PM00	heparin binding	
A0A8C7PMD5	heparin binding	
A0A8C7PMM6	heparin binding	
A0A8C7PNY7	heparin binding	
A0A8C7PPM8	heparin binding	
A0A8C7Q286	heparin binding	
A0A8C7Q295	heparin binding	
A0A8C7Q2M0	heparin binding	
A0A8C7Q340	heparin binding	
A0A8C7Q435	heparin binding	
A0A8C7THL9	heparin binding	
A0A8C7TK99	heparin binding	
A0A8C7TKR4	heparin binding	
A0A8C7TM39	heparin binding	
A0A8C7TP98	heparin binding	
A0A8C7TRR7	heparin binding	
A0A8C7TRV1	heparin binding	
A0A8C7TUU3	heparin binding	
A0A8C7VJW9	heparin binding	
A0A8C7VL82	heparin binding	
A0A8C7VLA6	heparin binding	
A0A8C7WC18	heparin binding	
A0A8C7WC84	heparin binding	
A0A8C7YYI9	heparin binding	
A0A8C7YYJ3	heparin binding	
A0A8C7YYP2	heparin binding	
A0A8C7YZC5	heparin binding	
A0A8C7YZD4	heparin binding	
A0A8C7YZY4	heparin binding	
A0A8C7Z1C8	heparin binding	
A0A8C7Z479	heparin binding	
A0A8C7ZJS2	heparin binding	
A0A8C7ZLM3	heparin binding	
A0A8C7ZNZ8	heparin binding	
A0A8C8A5V4	heparin binding	
A0A8C8A856	heparin binding	
A0A8C8AAR3	heparin binding	
A0A8C8BTD3	heparin binding	
A0A8C8BU61	heparin binding	
A0A8C8BX37	heparin binding	
A0A8C8C0I7	heparin binding	
A0A8C8DWD1	heparin binding	
A0A8C8DWJ9	heparin binding	
A0A8C8E0W4	heparin binding	
A0A8C8F1T6	heparin binding	
A0A8C8G4Q7	heparin binding	
A0A8C8G6D2	heparin binding	
A0A8C8G7J6	heparin binding	
A0A8C8G7Q3	heparin binding	
A0A8C8G9D4	heparin binding	
A0A8C8JP76	heparin binding	
A0A8C8JQQ2	heparin binding	
A0A8C8JTZ4	heparin binding	
A0A8C8JVJ0	heparin binding	
A0A8C8JW32	heparin binding	
A0A8C8JWX3	heparin binding	
A0A8C8JXM1	heparin binding	
A0A8C8JZK7	heparin binding	
A0A8C8K1U6	heparin binding	
A0A8C8K3L0	heparin binding	
A0A8C8K567	heparin binding	
A0A8C8LV69	heparin binding	
A0A8C8LVG6	heparin binding	
A0A8C8MLS2	heparin binding	
A0A8C8MLV3	heparin binding	
A0A8C8MLW3	heparin binding	
A0A8C8MLW7	heparin binding	
A0A8C8MMW7	heparin binding	
A0A8C8SKX2	heparin binding	
A0A8C8SR90	heparin binding	
A0A8C8U654	heparin binding	
A0A8C8W443	heparin binding	
A0A8C8XXM9	heparin binding	
A0A8C8XZP5	heparin binding	
A0A8C8Y341	heparin binding	
A0A8C8YWV4	heparin binding	
A0A8C8Z0J5	heparin binding	
A0A8C8Z0X5	heparin binding	
A0A8C8Z2M0	heparin binding	
A0A8C8Z8B9	heparin binding	
A0A8C9C565	heparin binding	
A0A8C9C652	heparin binding	
A0A8C9C6J0	heparin binding	
A0A8C9CE62	heparin binding	
A0A8C9DAJ0	heparin binding	
A0A8C9DAM4	heparin binding	
A0A8C9DHP3	heparin binding	
A0A8C9E4Y9	heparin binding	
A0A8C9E5X1	heparin binding	
A0A8C9F5V9	heparin binding	
A0A8C9HQQ0	heparin binding	
A0A8C9HRZ6	heparin binding	
A0A8C9HV19	heparin binding	
A0A8C9HVY7	heparin binding	
A0A8C9HYK5	heparin binding	
A0A8C9I2M0	heparin binding	
A0A8C9JHE8	heparin binding	
A0A8C9JHG1	heparin binding	
A0A8C9JJL2	heparin binding	
A0A8C9JQV9	heparin binding	
A0A8C9JRS6	heparin binding	
A0A8C9M621	heparin binding	
A0A8C9NRU1	heparin binding	
A0A8C9NUD9	heparin binding	
A0A8C9NVR5	heparin binding	
A0A8C9QBX5	heparin binding	
A0A8C9QDS2	heparin binding	
A0A8C9QHV0	heparin binding	
A0A8C9RJS2	heparin binding	
A0A8C9RKK3	heparin binding	
A0A8C9RKM1	heparin binding	
A0A8C9RRS7	heparin binding	
A0A8C9SW49	heparin binding	
A0A8C9T4Q1	heparin binding	
A0A8C9TK85	heparin binding	
A0A8C9TT93	heparin binding	
A0A8C9TWT2	heparin binding	
A0A8C9U6L3	heparin binding	
A0A8C9VQ16	heparin binding	
A0A8C9VQG4	heparin binding	
A0A8C9W0K4	heparin binding	
A0A8C9W813	heparin binding	
A0A8C9WM85	heparin binding	
A0A8C9WM95	heparin binding	
A0A8C9WSX7	heparin binding	
A0A8C9YXR9	heparin binding	
A0A8C9YYG1	heparin binding	
A0A8C9YYV0	heparin binding	
A0A8C9Z0A0	heparin binding	
A0A8C9Z1X6	heparin binding	
A0A8C9Z1Z8	heparin binding	
A0A8C9Z229	heparin binding	
A0A8C9Z684	heparin binding	
A0A8C9ZRL0	heparin binding	
A0A8C9ZUU4	heparin binding	
A0A8C9ZVD7	heparin binding	
A0A8C9ZXM2	heparin binding	
A0A8C9ZY22	heparin binding	
A0A8C9ZY74	heparin binding	
A0A8C9ZYC6	heparin binding	
A0A8C9ZYQ6	heparin binding	
A0A8D0A3D7	heparin binding	
A0A8D0A5F3	heparin binding	
A0A8D0D2D1	heparin binding	
A0A8D0D4J1	heparin binding	
A0A8D0ECF6	heparin binding	
A0A8D0EDY8	heparin binding	
A0A8D0EE52	heparin binding	
A0A8D0F9M3	heparin binding	
A0A8D0F9X4	heparin binding	
A0A8D0FAR3	heparin binding	
A0A8D0FBQ5	heparin binding	
A0A8D0FBS8	heparin binding	
A0A8D0K1A6	heparin binding	
A0A8D0KP25	heparin binding	
A0A8D0KV89	heparin binding	
A0A8D0KVA3	heparin binding	
A0A8D0LTX0	heparin binding	
A0A8D0QA35	heparin binding	
A0A8D0QAL5	heparin binding	
A0A8D0QBI0	heparin binding	
A0A8D0QCY0	heparin binding	
A0A8D0SYN7	heparin binding	
A0A8D0T063	heparin binding	
A0A8D0T5B8	heparin binding	
A0A8D0T5R4	heparin binding	
A0A8D0UED2	heparin binding	
A0A8D0UYR5	heparin binding	
A0A8D0UYT4	heparin binding	
A0A8D0VXI1	heparin binding	
A0A8D0W0B2	heparin binding	
A0A8D1KLN2	heparin binding	
A0A8D1NI93	heparin binding	
A0A8D1VJV2	heparin binding	
A0A8D1XLW3	heparin binding	
A0A8D2D1P2	heparin binding	
A0A8D2D2B9	heparin binding	
A0A8D2D2I2	heparin binding	
A0A8D2D2Q1	heparin binding	
A0A8D2D2V7	heparin binding	
A0A8D2GBH6	heparin binding	
A0A8D2GBQ6	heparin binding	
A0A8D2GBR7	heparin binding	
A0A8D2GGQ2	heparin binding	
A0A8D2GJY8	heparin binding	
A0A8D2GPT3	heparin binding	
A0A8D2GWH9	heparin binding	
A0A8D2GWT8	heparin binding	
A0A8D2H0B1	heparin binding	
A0A8D2KAK9	heparin binding	
A0A8D2KDB9	heparin binding	
A0A8D2L1G6	heparin binding	
A0A8D2L1J0	heparin binding	
A0A8D2NFC7	heparin binding	
A0A8D2NFK9	heparin binding	
A0A8D2PQI2	heparin binding	
A0A8D2PQJ1	heparin binding	
A0A8D2Q1Y7	heparin binding	
A0A8D2QJ47	heparin binding	
A0A8D2QJP4	heparin binding	
A0A8D2QUJ3	heparin binding	
A0A8D2ZYE3	heparin binding	
A0A8D2ZYF9	heparin binding	
A0A8D2ZYI1	heparin binding	
A0A8D2ZYL0	heparin binding	
A0A8D2ZYP5	heparin binding	
A0A8D3BAI0	heparin binding	
A0A8D3BPT9	heparin binding	
A0A8D3CAS4	heparin binding	
A0A8D3CF36	heparin binding	
A0A8D3CFI8	heparin binding	
A0A8D3CKC6	heparin binding	
A0A8D3CNJ9	heparin binding	
A0A8D3D685	heparin binding	
A0A8D3D7C5	heparin binding	
A0A8D3DSH5	heparin binding	
A0A8D3DZQ9	heparin binding	
A0A8D3E8D3	heparin binding	
A0A8F9R5D5	Functions as a cell surface receptor and performs physiological functions on the surface of neurons 	
A0A8I3P0U4	heparin binding	
A0A8I3P210	heparin binding	
A0A8I3P2Q2	heparin binding	
A0A8I3P9H6	heparin binding	
A0A8I3PAI8	heparin binding	
A0A8I3RZM5	heparin binding	
A0A8I3S2F2	heparin binding	
A0A8I3S2G8	heparin binding	
A0A8I3S2H9	heparin binding	
A0A8I3WEV6	heparin binding	
A0A8J0S7C6	heparin binding	
A0A8J0S7D0	heparin binding	
A0A8J0SC62	heparin binding	
A0A8J0SE52	heparin binding	
A0A8J0U3H6	heparin binding	
A0A8J0UBN2	heparin binding	
A0A8J0UEB3	heparin binding	
A0A8J4JG37	heparin binding	
A0A8J4K135	heparin binding	
A0A8J4L361	heparin binding	
A0A8J4P0I1	heparin binding	
A0A8J4TVJ5	heparin binding	
A0A8J4UK04	heparin binding	
A0A8J6DRZ6	signaling receptor activator activity	
A0A8J6G645	heparin binding	
A0A8J6KAV1	heparin binding	
A0A8J7TDQ0	heparin binding	
A0A8J8XRV9	heparin binding	
A0A8J8YLE4	heparin binding	
A0A8J8YN31	heparin binding	
A0A8K0FIT7	heparin binding	
A0A8K1GBB7	heparin binding	
A0A8K9VBI3	heparin binding	
A0A8K9WNV3	heparin binding	
A0A8K9X900	heparin binding	
A0A8K9XKP1	heparin binding	
A0A8L2QLQ8	heparin binding	
A0A8M1F0S7	heparin binding	
A0A8M1F4H3	heparin binding	
A0A8M1F588	heparin binding	
A0A8M1F880	heparin binding	
A0A8M1MXH4	heparin binding	
A0A8M1PBL6	heparin binding	
A0A8P0PIX6	heparin binding	
A0A8P4FXL4	heparin binding	
A0A8P4KRE1	heparin binding	
A0A8S4AHX7	heparin binding	
A0A8S4BEG5	heparin binding	
A0A8S9EW62	heparin binding	
A0A8T0AE60	heparin binding	
A0A8T0BSQ1	heparin binding	
A0A8T2JYL3	heparin binding	
A0A8T2K1P5	heparin binding	
A0A8T2K3S1	heparin binding	
A0A8T2K6L7	heparin binding	
A0A8T2P8B3	heparin binding	
A0A8T2PBS1	heparin binding	
A0A8T3CR44	heparin binding	
A0A8T3DZG6	heparin binding	
A0A8U0Q6A2	heparin binding	
A0A8U0R5H1	heparin binding	
A0A8U0SEA2	heparin binding	
A0A8U0SEE6	heparin binding	
A0A8U0SFG4	heparin binding	
A0A8U0SG74	heparin binding	
A0A8U0SH25	heparin binding	
A0A8U0U1D3	heparin binding	
A0A8U0UI95	heparin binding	
A0A8U0V606	heparin binding	
A0A8U0V703	heparin binding	
A0A8U1C6C3	heparin binding	
A0A8U1ESD7	heparin binding	
A0A8U1F6Q1	heparin binding	
A0A8U7M516	heparin binding	
A0A8V0Y2C8	heparin binding	
A0A8V0Y2F5	heparin binding	
A0A8V0Y745	heparin binding	
A0A8V0YAY1	heparin binding	
A0A8X7WWU1	heparin binding	
A0A973YBZ9	heparin binding	
A0A974DLG0	heparin binding	
A0A974HUW9	heparin binding	
A0A974HV50	heparin binding	
A0A979EW34	heparin binding	
A0A9B0TY95	heparin binding	
A0A9B0TYN0	heparin binding	
A0A9B0U1C3	heparin binding	
A0A9B0U4N0	heparin binding	
A0A9B0WWD7	heparin binding	
A0A9B0WYF1	heparin binding	
A0A9B0WZ27	heparin binding	
A0A9B0WZ92	heparin binding	
A0A9D3LVH2	heparin binding	
A0A9D3MMU7	heparin binding	
A0A9D3NXV7	heparin binding	
A0A9D3PMG0	heparin binding	
A0A9D3SDB4	heparin binding	
A0A9D3T2M2	heparin binding	
A0A9D3XQQ4	heparin binding	
A0A9F2QYF6	heparin binding	
A0A9F2QYG0	heparin binding	
A0A9F2QYJ9	heparin binding	
A0A9F2QYL8	heparin binding	
A0A9J7FVD7	heparin binding	
A0A9J7JG44	heparin binding	
A0A9J7JMM3	heparin binding	
A0A9J7JNG0	heparin binding	
A0A9J7WWN2	heparin binding	
A0A9J7X9G5	heparin binding	
A0A9J7XGP5	heparin binding	
A0A9J7XR34	heparin binding	
A0A9J7XYT9	heparin binding	
A0A9J7XZF3	heparin binding	
A0A9J7Y344	heparin binding	
A0A9J7Y4V8	heparin binding	
A0A9J7Z0L5	heparin binding	
A0A9J7ZJN2	heparin binding	
A0A9J8A0X7	heparin binding	
A0A9J8A7D7	heparin binding	
A0A9J8ADS3	heparin binding	
A0A9J8B5M5	heparin binding	
A0A9J8BL57	heparin binding	
A0A9J8C4E6	heparin binding	
A0A9J8C827	heparin binding	
A0A9J8CWC5	heparin binding	
A0A9J8D1V2	heparin binding	
A0A9J8D2Z1	heparin binding	
A0A9J8DH73	heparin binding	
A0A9L0JJJ9	heparin binding	
A0A9L0KAH7	heparin binding	
A0A9N7TS96	heparin binding	
A0A9N7Z632	heparin binding	
A0A9Q0DND7	heparin binding	
A0A9Q0I5J0	heparin binding	
A0A9Q1AZ36	heparin binding	
A0A9Q1DWK9	heparin binding	
A0A9Q1F4P3	heparin binding	
A0A9Q1HR44	heparin binding	
A0A9Q9VXG1	heparin binding	
A0A9Q9VXG2	heparin binding	
A0A9Q9WQ66	heparin binding	
A0A9Q9WQ81	heparin binding	
A0A9Q9YGX1	heparin binding	
A0A9Q9YHR8	heparin binding	
A0A9R0B4P3	heparin binding	
A0A9R1SCR5	heparin binding	
A0A9V1GIV9	heparin binding	
A0A9V1GIW9	heparin binding	
A0A9V1GIX8	heparin binding	
A0A9V1GIY4	heparin binding	
A0A9V1GIZ0	heparin binding	
A0A9V1GJ29	heparin binding	
A0A9V1GJW6	heparin binding	
A0A9W3ES23	heparin binding	
A0A9W3ES73	heparin binding	
A0A9W3ES74	heparin binding	
A0A9W3ES95	heparin binding	
A0A9W3ESA0	heparin binding	
A0A9W3GU18	heparin binding	
A0A9W8C628	heparin binding	
A0A9W8C8Q6	heparin binding	
A0A9X9Q7N7	heparin binding	
A0A9Y3R3U7	heparin binding	
A0A9Y4JGG9	heparin binding	
A0AA35K6K8	heparin binding	
A0AA35K6S2	heparin binding	
A0AA35P5R1	heparin binding	
A0AA40GX46	heparin binding	
A0AA41SVA5	heparin binding	
A0AA47MZF0	heparin binding	
A0AA88IQN1	heparin binding	
A0AA88MJS3	heparin binding	
A0AA88N6P0	heparin binding	
A0AA88NJG9	heparin binding	
A0AA88Q096	heparin binding	
A0AA88Q243	heparin binding	
A0AA97J155	heparin binding	
A0AA97KRH3	heparin binding	
A0AA97KSB2	heparin binding	
A0AA97KTA5	heparin binding	
A0AA97MKQ3	heparin binding	
A0AAD1QX91	heparin binding	
A0AAD1QXJ1	heparin binding	
A0AAD1QYC6	heparin binding	
A0AAD3MUF9	heparin binding	
A0AAD3N488	heparin binding	
A0AAD3NK03	signaling receptor activator activity	
A0AAD4UQI4	heparin binding	
A0AAD5AR70	heparin binding	
A0AAD5B6H6	heparin binding	
A0AAD6AWJ4	heparin binding	
A0AAD6AWM1	heparin binding	
A0AAD6F798	heparin binding	
A0AAD6F7X7	heparin binding	
A0AAD7SNH1	heparin binding	
A0AAD7SXC7	heparin binding	
A0AAD8DE72	heparin binding	
A0AAD8DI22	heparin binding	
A0AAD8ZGT1	heparin binding	
A0AAD8ZR84	heparin binding	
A0AAD9B4L8	heparin binding	
A0AAD9CJB3	heparin binding	
A0AAE0PYR2	heparin binding	
A0AAE0VA61	heparin binding	
A0AAJ7LNQ0	heparin binding	
A0AAJ7PBS8	heparin binding	
A0AAJ8DK96	heparin binding	
A0AAN7W9X4	heparin binding	
A0AAN7Y7X1	heparin binding	
A0AAN8AM07	heparin binding	
A0AAN8BSK8	heparin binding	
A0AAN8BVY0	heparin binding	
A0AAN8HMJ0	heparin binding	
A0AAN8LJE2	heparin binding	
A0AAN8LSD0	heparin binding	
A0AAN8NDC1	heparin binding	
A0AAN9DC64	heparin binding	
A0AAN9HD62	heparin binding	
A0AAQ4NR62	heparin binding	
A0AAQ4P5K2	heparin binding	
A0AAQ4P6I6	heparin binding	
A0AAQ4P7R0	heparin binding	
A0AAQ4P9H3	heparin binding	
A0AAQ4PWV9	heparin binding	
A0AAQ4PXI8	heparin binding	
A0AAQ4QJM6	heparin binding	
A0AAQ4QXU8	heparin binding	
A0AAQ4RAA9	heparin binding	
A0AAQ4RQD6	heparin binding	
A0AAQ4RUH5	heparin binding	
A0AAQ4RZR0	heparin binding	
A0AAQ5WZK4	heparin binding	
A0AAQ5XCN5	heparin binding	
A0AAQ5XJV0	heparin binding	
A0AAQ5XLA6	heparin binding	
A0AAQ5YW50	heparin binding	
A0AAQ5Z3M4	heparin binding	
A0AAQ5ZLD9	heparin binding	
A0AAQ5ZN34	heparin binding	
A0AAQ5ZUT9	heparin binding	
A0AAQ5ZXS7	heparin binding	
A0AAQ5ZYM9	heparin binding	
A0AAQ6A3J9	heparin binding	
A0AAQ6A6C1	heparin binding	
A0AAQ6AL74	heparin binding	
A0AAR2IJ01	heparin binding	
A0AAR2ISK3	heparin binding	
A0AAR2J113	heparin binding	
A0AAR2JFG3	heparin binding	
A0AAR2JLW1	heparin binding	
A0AAR2JM80	heparin binding	
A0AAR2KL94	heparin binding	
A0AAR2KNU7	heparin binding	
A0AAR2KTF0	heparin binding	
A0AAR2LB34	heparin binding	
A0AAR2LBP5	heparin binding	
A0AAR2LHQ0	heparin binding	
A0AAR2LTZ7	heparin binding	
A0AAR2LX39	heparin binding	
A0AAR2M340	heparin binding	
A0AAU9ZIM6	heparin binding	
A0AAV1H1Q5	heparin binding	
A0AAV1H2E6	heparin binding	
A0AAV1HM00	heparin binding	
A0AAV1HMN1	heparin binding	
A0AAV1NI67	heparin binding	
A0AAV1NJ63	heparin binding	
A0AAV1NJE8	heparin binding	
A0AAV1NJV8	heparin binding	
A0AAV1NVH7	heparin binding	
A0AAV1NWG9	heparin binding	
A0AAV2JX85	heparin binding	
A0AAV2JZM3	heparin binding	
A0AAV2LAQ6	heparin binding	
A0AAV3AZK6	heparin binding	
A0AAV3B249	heparin binding	
A0AAV3B4B1	heparin binding	
A0AAV6FY42	heparin binding	
A0AAV6H8V3	heparin binding	
A0AAV6PJQ7	heparin binding	
A0AAV6PK44	heparin binding	
A0AAV6PK90	heparin binding	
A0AAV6RE98	heparin binding	
A0AAV6RFQ0	heparin binding	
A0AAV7D0B4	heparin binding	
A0AAV7D1N9	heparin binding	
A0AAV7D1P1	heparin binding	
A0AAV7D204	heparin binding	
A0AAV7D275	heparin binding	
A0AAV7D400	heparin binding	
A0AAV9SE85	heparin binding	
A0AAV9SLP7	heparin binding	
A0AAW0IMN2	signaling receptor activator activity	
A0AAW0MK74	heparin binding	
A0AAW1BJJ7	heparin binding	
A0AAW1EPB0	heparin binding	
A0AAW1FSU0	heparin binding	
A0AAW2A9W1	heparin binding	
A0AAW2AAF1	heparin binding	
A0AAW2B382	heparin binding	
A0AAX6P2M6	heparin binding	
A0AAX6P2T7	heparin binding	
A0AAX6SSH1	heparin binding	
A0AAX6STK3	heparin binding	
A0AAX6SVH9	heparin binding	
A0AAX7SII8	heparin binding	
A0AAX7SIJ0	heparin binding	
A0AAX7SJJ4	heparin binding	
A0AAX7SKL5	heparin binding	
A0AAX7SMI7	heparin binding	
A0AAX7TAE7	heparin binding	
A0AAX7TGB3	heparin binding	
A0AAX7TV49	heparin binding	
A0AAX7TXD2	heparin binding	
A0AAX7VKI4	heparin binding	
A0AAX7VQN3	heparin binding	
A0AAX7VRQ1	heparin binding	
A0AAY3ZZM9	heparin binding	
A0AAY4A0J7	heparin binding	
A0AAY4A1F8	heparin binding	
A0AAY4A1K6	heparin binding	
A0AAY4A1N9	heparin binding	
A0AAY4A3T9	heparin binding	
A0AAY4A3X2	heparin binding	
A0AAY4A3Z5	heparin binding	
A0AAY4A659	heparin binding	
A0AAY4A681	heparin binding	
A0AAY4CI91	heparin binding	
A0AAY4CIG2	heparin binding	
A0AAY4CIH2	heparin binding	
A0AAY4CII4	heparin binding	
A0AAY4CIJ6	heparin binding	
A0AAY4CIP6	heparin binding	
A0AAY4CIY7	heparin binding	
A0AAY4CJ39	heparin binding	
A0AAY4CKI8	heparin binding	
A0AAY5EW82	heparin binding	
A0AB32TZZ9	heparin binding	
A0AB34HQ78	signaling receptor activator activity	
A0ABC9VZ67	Functions as a cell surface receptor and performs physiological functions on the surface of neurons 	
A0ABD0WDI9	heparin binding	
A0ABD0XLS6	Functions as a cell surface receptor and performs physiological functions on the surface of neurons 	
A0ABD1J2K1	heparin binding	
A0ABD1KVQ3	heparin binding	
A0ABD2F826	heparin binding	
A0ABD2F8C1	heparin binding	
A0ABD2F8E4	heparin binding	
A0ABD2F8G3	heparin binding	
A0ABD2F8I8	heparin binding	
A0ABD2F8L9	heparin binding	
A0ABD2F8P9	heparin binding	
A0ABD2F9B0	heparin binding	
A0ABD2F9K1	heparin binding	
A0ABD2F9L6	heparin binding	
A0ABD2FBX0	heparin binding	
A0ABI7YAA9	Functions as a cell surface receptor and performs physiological functions on the surface of neurons 	
A0ABI7YAR2	Functions as a cell surface receptor and performs physiological functions on the surface of neurons 	
A0ABI7YBT1	Functions as a cell surface receptor and performs physiological functions on the surface of neurons 	
A0ABI7YBX5	Functions as a cell surface receptor and performs physiological functions on the surface of neurons 	
A0ABI7YC74	Functions as a cell surface receptor and performs physiological functions on the surface of neurons 	
A0ABI7YCH6	Functions as a cell surface receptor and performs physiological functions on the surface of neurons 	
A0ABI7YCZ0	Functions as a cell surface receptor and performs physiological functions on the surface of neurons 	
A0ABI7YEB9	Functions as a cell surface receptor and performs physiological functions on the surface of neurons 	
A0ABI7YFV9	Functions as a cell surface receptor and performs physiological functions on the surface of neurons 	
A0ABM0HLP0	Functions as a cell surface receptor and performs physiological functions on the surface of neurons 	
A0ABM0HLP1	Functions as a cell surface receptor and performs physiological functions on the surface of neurons 	
A0ABM0HLP2	Functions as a cell surface receptor and performs physiological functions on the surface of neurons 	
A0ABM0HLP3	Functions as a cell surface receptor and performs physiological functions on the surface of neurons 	
A0ABM0J248	Functions as a cell surface receptor and performs physiological functions on the surface of neurons 	
A0ABM0J249	Functions as a cell surface receptor and performs physiological functions on the surface of neurons 	
A0ABM0KFC7	Functions as a cell surface receptor and performs physiological functions on the surface of neurons 	
A0ABM0KFC8	Functions as a cell surface receptor and performs physiological functions on the surface of neurons 	
A0ABM0KFC9	Functions as a cell surface receptor and performs physiological functions on the surface of neurons 	
A0ABM0KFD0	Functions as a cell surface receptor and performs physiological functions on the surface of neurons 	
A0ABM0KFD1	Functions as a cell surface receptor and performs physiological functions on the surface of neurons 	
A0ABM0KFD2	Functions as a cell surface receptor and performs physiological functions on the surface of neurons 	
A0ABM0S287	Functions as a cell surface receptor and performs physiological functions on the surface of neurons 	
A0ABM1L154	Functions as a cell surface receptor and performs physiological functions on the surface of neurons 	
A0ABM1L155	Functions as a cell surface receptor and performs physiological functions on the surface of neurons 	
A0ABM1L156	Functions as a cell surface receptor and performs physiological functions on the surface of neurons 	
A0ABM1L157	Functions as a cell surface receptor and performs physiological functions on the surface of neurons 	
A0ABM2EE00	Functions as a cell surface receptor and performs physiological functions on the surface of neurons 	
A0ABM2EE12	Functions as a cell surface receptor and performs physiological functions on the surface of neurons 	
A0ABM2EGA9	Functions as a cell surface receptor and performs physiological functions on the surface of neurons 	
A0ABM2EGS9	Functions as a cell surface receptor and performs physiological functions on the surface of neurons 	
A0ABM2EKX4	Functions as a cell surface receptor and performs physiological functions on the surface of neurons 	
A0ABM2EMI4	Functions as a cell surface receptor and performs physiological functions on the surface of neurons 	
A0ABM2XUX1	Functions as a cell surface receptor and performs physiological functions on the surface of neurons 	
A0ABM2XUX4	Functions as a cell surface receptor and performs physiological functions on the surface of neurons 	
A0ABM2XUX5	Functions as a cell surface receptor and performs physiological functions on the surface of neurons 	
A0ABM2XUX6	Functions as a cell surface receptor and performs physiological functions on the surface of neurons 	
A0ABM2XUY8	Functions as a cell surface receptor and performs physiological functions on the surface of neurons 	
A0ABM2XZ59	Functions as a cell surface receptor and performs physiological functions on the surface of neurons 	
A0ABM3D3V6	Functions as a cell surface receptor and performs physiological functions on the surface of neurons 	
A0ABM3D3Z1	Functions as a cell surface receptor and performs physiological functions on the surface of neurons 	
A0ABM3D7D1	Functions as a cell surface receptor and performs physiological functions on the surface of neurons 	
A0ABM3DP30	Functions as a cell surface receptor and performs physiological functions on the surface of neurons 	
A0ABM3TH22	Functions as a cell surface receptor and performs physiological functions on the surface of neurons 	
A0ABM3TH23	Functions as a cell surface receptor and performs physiological functions on the surface of neurons 	
A0ABM3TH25	Functions as a cell surface receptor and performs physiological functions on the surface of neurons 	
A0ABM3TH26	Functions as a cell surface receptor and performs physiological functions on the surface of neurons 	
A0ABM3TH29	Functions as a cell surface receptor and performs physiological functions on the surface of neurons 	
A0ABM3TH37	Functions as a cell surface receptor and performs physiological functions on the surface of neurons 	
A0ABM3TH38	Functions as a cell surface receptor and performs physiological functions on the surface of neurons 	
A0ABM4ESF6	Functions as a cell surface receptor and performs physiological functions on the surface of neurons 	
A0ABM4ESG5	Functions as a cell surface receptor and performs physiological functions on the surface of neurons 	
A0ABM4MKY3	Functions as a cell surface receptor and performs physiological functions on the surface of neurons 	
A0ABM4S346	Functions as a cell surface receptor and performs physiological functions on the surface of neurons 	
A0ABM4S359	Functions as a cell surface receptor and performs physiological functions on the surface of neurons 	
A0ABM4S366	Functions as a cell surface receptor and performs physiological functions on the surface of neurons 	
A0ABM4S370	Functions as a cell surface receptor and performs physiological functions on the surface of neurons 	
A0ABM4S382	Functions as a cell surface receptor and performs physiological functions on the surface of neurons 	
A0ABM4S384	Functions as a cell surface receptor and performs physiological functions on the surface of neurons 	
A0ABM4Z387	Functions as a cell surface receptor and performs physiological functions on the surface of neurons 	
A0ABM5FXM4	Functions as a cell surface receptor and performs physiological functions on the surface of neurons 	
A0ABM5FXM9	Functions as a cell surface receptor and performs physiological functions on the surface of neurons 	
A0ABM5FXN0	Functions as a cell surface receptor and performs physiological functions on the surface of neurons 	
A0ABM5FXN1	Functions as a cell surface receptor and performs physiological functions on the surface of neurons 	
A0ABN8Z707	Functions as a cell surface receptor and performs physiological functions on the surface of neurons 	
A0ABN9AQ27	Functions as a cell surface receptor and performs physiological functions on the surface of neurons 	
A0ABN9KX95	Functions as a cell surface receptor and performs physiological functions on the surface of neurons 	
A0ABN9ZUR3	Functions as a cell surface receptor and performs physiological functions on the surface of neurons 	
A0ABQ0FME1	Functions as a cell surface receptor and performs physiological functions on the surface of neurons 	
A0ABQ7T5Y8	Functions as a cell surface receptor and performs physiological functions on the surface of neurons 	
A0ABQ8N156	Functions as a cell surface receptor and performs physiological functions on the surface of neurons 	
A0ABQ9CYR7	Functions as a cell surface receptor and performs physiological functions on the surface of neurons 	
A0ABR0ZKS0	Functions as a cell surface receptor and performs physiological functions on the surface of neurons 	
A0ABR0ZPM9	Functions as a cell surface receptor and performs physiological functions on the surface of neurons 	
A0ABR3MSN2	Functions as a cell surface receptor and performs physiological functions on the surface of neurons 	
A0ABU7AA93	Functions as a cell surface receptor and performs physiological functions on the surface of neurons 	
A0ABU7CAN0	Functions as a cell surface receptor and performs physiological functions on the surface of neurons 	
A0ABU7DQ26	Functions as a cell surface receptor and performs physiological functions on the surface of neurons 	
A0ABU7EG44	Functions as a cell surface receptor and performs physiological functions on the surface of neurons 	
A0ABV0MNV2	Functions as a cell surface receptor and performs physiological functions on the surface of neurons 	
A0ABV0SVF3	Functions as a cell surface receptor and performs physiological functions on the surface of neurons 	
A0ABV0THF4	Functions as a cell surface receptor and performs physiological functions on the surface of neurons 	
A0ABV0WH21	Functions as a cell surface receptor and performs physiological functions on the surface of neurons 	
A0ABV0Y9H3	Functions as a cell surface receptor and performs physiological functions on the surface of neurons 	
A0AC11AWS9		
A0AC11AX11		
A0AC11AX68		
A0AC11AYQ4		
A0AC11AZQ7		
A0AC11AZX6		
A0AC55CKP3		
A0AC55CKU1		
A0AC55CLA9		
A0AC55CMY4		
A0AC55CQU1		
A0AC55DLV3		
A0AC58GD33		
A0AC58MHS6		
A0AC58MHS9		
A0AC58MHT1		
A0AC58MHT3		
A0AC58MI23		
A0AC58Q426		
A0AC58Q433		
A0AC58Q441		
A0AC58Q442		
A0AC58Q444		
A0AC58Q449		
A0AC59ZFS4		
A0ACB0ET83		
A0ACB7ES33		
A0ACB8VK31		
A0ACB8WCW8		
A0ACB9VL98		
A0ACB9VXU3		
A0ACB9XWK9		
A0ACB9XX20		
A0ACB9XX92		
A0ACB9XY52		
A0ACC2GKV6		
A0ACC2HBR1		
A0ACC5WHC2		
A0ACC5XQT7		
A0ACC5YAD0		
A0ACC5ZL22		
A0ACD3QHH9		
A0ACD3QWV1		
A6JL61	heparin binding	
A6JL62	heparin binding	
B0V0E5	heparin binding	
B4DGD0	heparin binding	
B4DJT9	heparin binding	
B4DM00	heparin binding	
B4DMD5	heparin binding	
B4DQM1	heparin binding	
B7Z313	heparin binding	
D2HDM3	heparin binding	
E0A3M4	signaling receptor activator activity	
E9PG40	heparin binding	
F1C7C1	heparin binding	
F6RJV8	heparin binding	
F6U064	heparin binding	
F6XKR3	heparin binding	
F7BG93	heparin binding	
F7CLL9	heparin binding	
F7ELT1	heparin binding	
F7ELT5	heparin binding	
F7FDC4	heparin binding	
F7FJ79	heparin binding	
F7HVD8	heparin binding	
F7HZ59	heparin binding	
G1KQA1	heparin binding	
G1MFV5	heparin binding	
G1NNT9	heparin binding	
G1PHP7	heparin binding	
G1QQU0	heparin binding	
G1SZM2	heparin binding	
G3HMG4	heparin binding	
G3NGM2	heparin binding	
G3PQL0	heparin binding	
G3QD87	heparin binding	
G3S7J3	heparin binding	
G3SSG6	heparin binding	
G3UL78	heparin binding	
G3URW3	heparin binding	
G3USJ4	heparin binding	
G3VGV4	heparin binding	
G3VGV5	heparin binding	
G5BQQ4	heparin binding	
G5DY97	heparin binding	
G7MNB1	heparin binding	
G7P1M4	heparin binding	
H0UW66	heparin binding	
H0WCQ9	heparin binding	
H0ZTL2	heparin binding	
H2LJY4	heparin binding	
H2LYH0	heparin binding	
H2P2T9	heparin binding	
H2TNW0	heparin binding	
H2TNW2	heparin binding	
H2TNW3	heparin binding	
H2TSC9	heparin binding	
H2TSD1	heparin binding	
H2ZW72	heparin binding	
H3BXB8	heparin binding	
H3BYK8	heparin binding	
H3C1S2	heparin binding	
H3C327	heparin binding	
H3D8S6	heparin binding	
H3DAM0	heparin binding	
I0FGN2	heparin binding	
I0FGN3	heparin binding	
I0FRG1	heparin binding	
I3K2G0	heparin binding	
I3K2G1	heparin binding	
I3KA26	heparin binding	
I3KA27	heparin binding	
J3S3Z4	heparin binding	
K9IN53	heparin binding	
K9IZI9	heparin binding	
K9IZK4	heparin binding	
K9J2F8	heparin binding	
K9KAU3	heparin binding	
L5KXN3	heparin binding	
L5M5V8	signaling receptor activator activity	
L7XCZ9	Functions as a cell surface receptor and performs physiological functions on the surface of neurons 	
L8I4L3	heparin binding	
L9JEB8	heparin binding	
M1EDY4	heparin binding	
M3XPJ8	heparin binding	
M4AC86	heparin binding	
M4AE25	heparin binding	
O35463	identical protein binding	
O57394	heparin binding	
O73683	heparin binding	
O93279	heparin binding	
O93296	heparin binding	
O97917	DNA binding	
P05067	DNA binding	
P08592	acetylcholine receptor binding	
P12023	acetylcholine receptor binding	
P53601	DNA binding	
P79307	DNA binding	
P86906	Functions as a cell surface receptor and performs physiological functions on the surface of neurons 	
Q08E54	heparin binding	
Q28053	Functions as a cell surface receptor and performs physiological functions on the surface of neurons 	
Q28280	metal ion binding	
Q28748	metal ion binding	
Q28757	metal ion binding	
Q29149	metal ion binding	
Q2XQ98	Functions as a cell surface receptor and performs physiological functions on the surface of neurons 	
Q2XQ99	heparin binding	
Q2XQA0	heparin binding	
Q3MQ25	signaling receptor activator activity	
Q3TWF3	heparin binding	
Q3TXI9	heparin binding	
Q4R4R8	heparin binding	
Q4RY33	heparin binding	
Q4S0J4	heparin binding	
Q53ZT3	heparin binding	
Q56JJ6	ABPP	
Q56JJ7	ABPP	
Q56JK2	heparin binding	
Q56JK3	heparin binding	
Q56JK4	heparin binding	
Q56JK5	heparin binding	
Q56JK6	heparin binding	
Q5IS80	DNA binding	
Q5R477	heparin binding	
Q60495	DNA binding	
Q6DJB6	heparin binding	
Q6GR78	heparin binding	
Q6NRR1	DNA binding	
Q6NUZ1	heparin binding	
Q6P6Q5	heparin binding	
Q6RH28	heparin binding	
Q6RH29	heparin binding	
Q6RH30	heparin binding	
Q7M088	ABPP	
Q7ZXQ0	heparin binding	
Q8BPC7	heparin binding	
Q8BPV5	Functions as a cell surface receptor and performs physiological functions on the surface of neurons 	
Q8JH58	signaling receptor activator activity	
Q8UUR9	heparin binding	
Q91963	heparin binding	
Q95241	DNA binding	
Q98SF9	heparin binding	
Q98SG0	heparin binding	
Q9DGJ7	heparin binding	
Q9DGJ8	DNA binding	
Q9PVL1	heparin binding	
S5WHW2	heparin binding	
S7PAA7	heparin binding	
T1E6J6	heparin binding	
U3DDZ5	heparin binding	
U3EFG5	heparin binding	
U3FGW5	heparin binding	
U3FL54	heparin binding	
U3IMZ0	heparin binding	
U3IMZ9	heparin binding	
U3KBV2	heparin binding	
V8PCH2	heparin binding	
V9KDA3	heparin binding	
V9KFG0	heparin binding	
W5K5D8	heparin binding	
W5K5E1	heparin binding	
W5MXT3	heparin binding	
W5U9W6	heparin binding	
